epoch,time,train/box_loss,train/seg_loss,train/cls_loss,train/dfl_loss,metrics/precision(B),metrics/recall(B),metrics/mAP50(B),metrics/mAP50-95(B),metrics/precision(M),metrics/recall(M),metrics/mAP50(M),metrics/mAP50-95(M),val/box_loss,val/seg_loss,val/cls_loss,val/dfl_loss,lr/pg0,lr/pg1,lr/pg2,lr/pg3
1,231.24841,2.83259,5.12181,3.25031,0,0.90695,0.35354,0.41005,0.21949,0.9134,0.35585,0.39002,0.26089,1.68558,2.38508,1.61413,0,0.070079365,0.003324515,0.003324515,0.003324515
2,464.66261,1.23772,1.43044,1.05985,0,0.54054,0.56842,0.55979,0.38209,0.49288,0.53539,0.51831,0.37136,1.08376,1.81409,1.04839,0,0.040057194,0.0066356777,0.0066356777,0.0066356777
3,657.48117,0.99448,1.16284,0.82697,0,0.5358,0.58975,0.56722,0.40125,0.50895,0.56156,0.5422,0.41124,0.99407,1.64398,1.01868,0,0.010012824,0.0099246404,0.0099246404,0.0099246404
4,844.18068,0.82832,1.06002,0.71845,0,0.57597,0.62198,0.62014,0.46539,0.56432,0.60166,0.59605,0.44941,0.88447,1.60277,0.90509,0,0.0099001,0.0099001,0.0099001,0.0099001
5,1028.7369,0.74193,0.96655,0.63688,0,0.70419,0.68019,0.7111,0.55158,0.68145,0.66951,0.68747,0.51673,0.72954,1.26962,0.74288,0,0.0098668,0.0098668,0.0098668,0.0098668
6,1220.7526,0.68061,0.91808,0.60207,0,0.66788,0.6937,0.69009,0.54566,0.6818,0.66582,0.67916,0.52395,0.70345,1.1988,0.71719,0,0.0098335,0.0098335,0.0098335,0.0098335
7,1410.2918,0.63805,0.82116,0.56208,0,0.72834,0.7291,0.75324,0.60565,0.71605,0.71803,0.73899,0.5714,0.63939,1.12286,0.64986,0,0.0098002,0.0098002,0.0098002,0.0098002
8,1599.1498,0.61624,0.81521,0.54608,0,0.75921,0.73952,0.77897,0.63427,0.76677,0.73048,0.76644,0.60529,0.6131,1.03306,0.60998,0,0.0097669,0.0097669,0.0097669,0.0097669
9,1791.2439,0.60594,0.79978,0.52496,0,0.76739,0.74573,0.78646,0.64217,0.7665,0.7385,0.77744,0.61248,0.60361,0.97834,0.59667,0,0.0097336,0.0097336,0.0097336,0.0097336
10,1980.0752,0.58202,0.72053,0.49951,0,0.7872,0.75718,0.79894,0.65138,0.78344,0.74586,0.78523,0.61801,0.59356,1.00298,0.56643,0,0.0097003,0.0097003,0.0097003,0.0097003
11,2175.7426,0.55733,0.68755,0.46561,0,0.74946,0.76914,0.79236,0.65628,0.75869,0.76046,0.78502,0.62521,0.57497,1.00919,0.56589,0,0.009667,0.009667,0.009667,0.009667
12,2368.1646,0.56143,0.69469,0.46726,0,0.81278,0.80317,0.84171,0.699,0.80941,0.7974,0.83447,0.66437,0.55009,0.86451,0.50092,0,0.0096337,0.0096337,0.0096337,0.0096337
13,2682.6354,0.55878,0.68382,0.48086,0,0.81353,0.80952,0.84926,0.70589,0.81445,0.80433,0.84425,0.68112,0.53613,0.8367,0.48657,0,0.0096004,0.0096004,0.0096004,0.0096004
14,3117.9658,0.53862,0.6632,0.45394,0,0.84511,0.7735,0.84054,0.70473,0.8517,0.7681,0.83685,0.67744,0.54051,0.88731,0.50145,0,0.0095671,0.0095671,0.0095671,0.0095671
15,3445.1283,0.53285,0.65594,0.45302,0,0.82104,0.81978,0.85481,0.72155,0.81975,0.81619,0.85115,0.69013,0.51338,0.82324,0.46712,0,0.0095338,0.0095338,0.0095338,0.0095338
16,3631.9088,0.53248,0.64489,0.43203,0,0.7974,0.76834,0.8092,0.67674,0.79656,0.76533,0.80409,0.64295,0.55046,0.93498,0.52569,0,0.0095005,0.0095005,0.0095005,0.0095005
17,3957.0168,0.51784,0.62636,0.4277,0,0.8465,0.80881,0.85564,0.72011,0.84903,0.80798,0.8551,0.68842,0.51429,0.81893,0.47005,0,0.0094672,0.0094672,0.0094672,0.0094672
18,4353.0726,0.51301,0.62228,0.42076,0,0.83384,0.7984,0.84473,0.71083,0.83317,0.78538,0.84016,0.66941,0.5121,0.85942,0.48105,0,0.0094339,0.0094339,0.0094339,0.0094339
19,4758.146,0.50252,0.59322,0.41831,0,0.87103,0.81045,0.86971,0.74096,0.86531,0.80892,0.86694,0.71174,0.48888,0.78069,0.44775,0,0.0094006,0.0094006,0.0094006,0.0094006
20,5150.3396,0.50018,0.59418,0.4145,0,0.85677,0.84271,0.88132,0.7516,0.855,0.83855,0.87742,0.72669,0.48298,0.74478,0.43021,0,0.0093673,0.0093673,0.0093673,0.0093673
21,5540.3679,0.49251,0.5679,0.40901,0,0.86252,0.82887,0.87645,0.75477,0.87261,0.82143,0.87606,0.72386,0.47536,0.73942,0.42973,0,0.009334,0.009334,0.009334,0.009334
22,5947.2718,0.49012,0.57965,0.40551,0,0.85052,0.8422,0.87775,0.75006,0.85117,0.83691,0.87628,0.72067,0.47964,0.74504,0.42902,0,0.0093007,0.0093007,0.0093007,0.0093007
23,6303.4238,0.48639,0.57096,0.39687,0,0.86291,0.84174,0.88616,0.76426,0.87549,0.83117,0.88712,0.73451,0.46417,0.72141,0.41076,0,0.0092674,0.0092674,0.0092674,0.0092674
24,6650.8213,0.49149,0.58175,0.39711,0,0.85007,0.83675,0.87612,0.75181,0.85061,0.83701,0.87817,0.72288,0.47047,0.7422,0.42441,0,0.0092341,0.0092341,0.0092341,0.0092341
25,7044.3871,0.47674,0.54836,0.38301,0,0.87533,0.84638,0.89106,0.76632,0.87497,0.84345,0.88836,0.73669,0.4617,0.72018,0.40631,0,0.0092008,0.0092008,0.0092008,0.0092008
26,7284.0658,0.47076,0.54598,0.38068,0,0.85735,0.85185,0.88843,0.76571,0.88043,0.83516,0.88628,0.73821,0.4573,0.7245,0.40749,0,0.0091675,0.0091675,0.0091675,0.0091675
27,7450.5457,0.47919,0.56818,0.39201,0,0.8767,0.84669,0.89322,0.77317,0.87647,0.84612,0.89203,0.74283,0.45021,0.70661,0.39695,0,0.0091342,0.0091342,0.0091342,0.0091342
28,7623.0532,0.48233,0.55468,0.39444,0,0.87467,0.84538,0.89225,0.77012,0.8737,0.84436,0.89176,0.73849,0.44821,0.72154,0.39518,0,0.0091009,0.0091009,0.0091009,0.0091009
29,7795.2106,0.46371,0.53879,0.37864,0,0.87816,0.84973,0.88937,0.77158,0.87741,0.84132,0.88558,0.73779,0.44918,0.72234,0.39906,0,0.0090676,0.0090676,0.0090676,0.0090676
30,7969.8956,0.47262,0.54876,0.37256,0,0.88661,0.85502,0.90048,0.78345,0.89209,0.84952,0.89992,0.75128,0.43797,0.69359,0.37965,0,0.0090343,0.0090343,0.0090343,0.0090343
31,8140.2715,0.46626,0.54573,0.3646,0,0.86995,0.86228,0.89669,0.78105,0.87133,0.86075,0.89573,0.74731,0.43904,0.70166,0.38422,0,0.009001,0.009001,0.009001,0.009001
32,8318.4392,0.47068,0.54074,0.37169,0,0.88318,0.85273,0.8996,0.78467,0.89536,0.84291,0.89774,0.75583,0.43684,0.695,0.38301,0,0.0089677,0.0089677,0.0089677,0.0089677
33,8496.2788,0.46662,0.54313,0.37473,0,0.87549,0.86211,0.90041,0.78609,0.87855,0.85735,0.89894,0.75307,0.43142,0.68444,0.37944,0,0.0089344,0.0089344,0.0089344,0.0089344
34,8675.9973,0.44995,0.50319,0.36089,0,0.89041,0.85363,0.90202,0.79143,0.89776,0.85357,0.90339,0.76318,0.42498,0.67608,0.37238,0,0.0089011,0.0089011,0.0089011,0.0089011
35,8859.6881,0.46124,0.53162,0.37149,0,0.89594,0.85346,0.90407,0.7902,0.8951,0.85333,0.90213,0.75649,0.43141,0.68199,0.37384,0,0.0088678,0.0088678,0.0088678,0.0088678
36,9042.2948,0.45297,0.52238,0.36241,0,0.89493,0.85953,0.90849,0.79598,0.89751,0.85753,0.90769,0.76273,0.42511,0.67398,0.36588,0,0.0088345,0.0088345,0.0088345,0.0088345
37,9224.1651,0.45723,0.52694,0.35802,0,0.90034,0.8548,0.90595,0.79608,0.90027,0.85232,0.90586,0.76213,0.41828,0.6772,0.36467,0,0.0088012,0.0088012,0.0088012,0.0088012
38,9407.2484,0.44916,0.51923,0.35969,0,0.89596,0.86208,0.90359,0.7932,0.89808,0.85805,0.9034,0.75772,0.42188,0.67414,0.36627,0,0.0087679,0.0087679,0.0087679,0.0087679
39,9586.8384,0.44138,0.49493,0.34788,0,0.89706,0.85356,0.905,0.79917,0.89794,0.85765,0.90527,0.76328,0.41677,0.67976,0.36086,0,0.0087346,0.0087346,0.0087346,0.0087346
40,9765.2693,0.43755,0.49048,0.34275,0,0.89814,0.86156,0.90595,0.79925,0.90031,0.86411,0.90961,0.76508,0.41343,0.66138,0.35574,0,0.0087013,0.0087013,0.0087013,0.0087013
41,9943.6436,0.44408,0.49656,0.34813,0,0.89743,0.86876,0.90957,0.8012,0.90381,0.86281,0.91003,0.77038,0.41206,0.65805,0.35751,0,0.008668,0.008668,0.008668,0.008668
42,10120.503,0.44528,0.51517,0.35804,0,0.88027,0.87307,0.90727,0.79865,0.88565,0.87439,0.91034,0.76452,0.41428,0.66914,0.35837,0,0.0086347,0.0086347,0.0086347,0.0086347
43,10292.789,0.44558,0.51112,0.35282,0,0.90189,0.86652,0.91004,0.80155,0.90127,0.86637,0.90936,0.76727,0.40749,0.6617,0.35052,0,0.0086014,0.0086014,0.0086014,0.0086014
44,10464.278,0.4376,0.48742,0.34525,0,0.89829,0.86777,0.90877,0.80152,0.90144,0.86383,0.90756,0.76915,0.40807,0.66941,0.3515,0,0.0085681,0.0085681,0.0085681,0.0085681
45,10629.036,0.43549,0.49315,0.33785,0,0.90493,0.86319,0.90979,0.80244,0.90019,0.86898,0.9089,0.76741,0.4053,0.65067,0.35194,0,0.0085348,0.0085348,0.0085348,0.0085348
46,10802.774,0.42635,0.47546,0.33706,0,0.89606,0.87924,0.91305,0.80488,0.89853,0.87796,0.91436,0.77161,0.40465,0.64561,0.34789,0,0.0085015,0.0085015,0.0085015,0.0085015
47,10973.798,0.4326,0.50362,0.32836,0,0.89172,0.87699,0.90982,0.80234,0.89266,0.8777,0.91036,0.77105,0.40381,0.65977,0.35031,0,0.0084682,0.0084682,0.0084682,0.0084682
48,11141.752,0.43397,0.49926,0.33829,0,0.89926,0.87059,0.91237,0.80597,0.90135,0.87173,0.91274,0.77429,0.40145,0.66179,0.34965,0,0.0084349,0.0084349,0.0084349,0.0084349
49,11315.831,0.42519,0.47012,0.33131,0,0.90543,0.87201,0.91215,0.80804,0.90675,0.8723,0.91204,0.77603,0.39914,0.64973,0.34368,0,0.0084016,0.0084016,0.0084016,0.0084016
50,11491.057,0.43013,0.49682,0.33143,0,0.90273,0.87324,0.91422,0.80891,0.90314,0.8734,0.91313,0.77537,0.4,0.65215,0.34379,0,0.0083683,0.0083683,0.0083683,0.0083683
51,11665.344,0.4308,0.49601,0.32925,0,0.89939,0.88447,0.91542,0.81091,0.90225,0.87989,0.91286,0.77812,0.39675,0.64895,0.33929,0,0.008335,0.008335,0.008335,0.008335
52,11844.928,0.42688,0.48172,0.32978,0,0.90843,0.87066,0.91511,0.81035,0.90972,0.87049,0.91487,0.77742,0.39569,0.65895,0.33912,0,0.0083017,0.0083017,0.0083017,0.0083017
53,12020.88,0.43191,0.49929,0.33025,0,0.89938,0.88146,0.91648,0.81196,0.89878,0.88236,0.916,0.77834,0.39605,0.65623,0.33697,0,0.0082684,0.0082684,0.0082684,0.0082684
54,12202.365,0.42631,0.49727,0.32945,0,0.90974,0.87429,0.91721,0.81142,0.9111,0.8732,0.91643,0.77958,0.39589,0.65331,0.33567,0,0.0082351,0.0082351,0.0082351,0.0082351
55,12383.763,0.42019,0.47463,0.32831,0,0.91854,0.86739,0.91623,0.81093,0.92252,0.86479,0.91353,0.77754,0.39562,0.65226,0.33673,0,0.0082018,0.0082018,0.0082018,0.0082018
56,12564.428,0.41391,0.47557,0.32767,0,0.9092,0.88139,0.91863,0.81333,0.90949,0.88156,0.91655,0.78052,0.39499,0.64826,0.33126,0,0.0081685,0.0081685,0.0081685,0.0081685
57,12746.29,0.41131,0.48263,0.32079,0,0.9074,0.88337,0.9186,0.81415,0.91465,0.88071,0.91569,0.78056,0.39549,0.65403,0.33005,0,0.0081352,0.0081352,0.0081352,0.0081352
58,12934.128,0.42107,0.49047,0.32722,0,0.90946,0.87908,0.91895,0.81396,0.91138,0.87715,0.91529,0.78133,0.39216,0.6546,0.32656,0,0.0081019,0.0081019,0.0081019,0.0081019
59,13120.188,0.41442,0.46652,0.32249,0,0.90568,0.88326,0.91886,0.81528,0.91034,0.88153,0.91801,0.78207,0.39039,0.65306,0.32645,0,0.0080686,0.0080686,0.0080686,0.0080686
60,13308.791,0.40874,0.46816,0.32176,0,0.90015,0.88404,0.91844,0.81569,0.90216,0.88586,0.91828,0.78257,0.39046,0.65023,0.32648,0,0.0080353,0.0080353,0.0080353,0.0080353
61,13489.473,0.41395,0.47587,0.32059,0,0.89147,0.89523,0.91988,0.81659,0.91394,0.87849,0.91897,0.78412,0.38934,0.6472,0.32378,0,0.008002,0.008002,0.008002,0.008002
62,13670.283,0.40615,0.46031,0.3195,0,0.89794,0.88539,0.91882,0.81682,0.91094,0.87638,0.91798,0.78376,0.38921,0.6512,0.32432,0,0.0079687,0.0079687,0.0079687,0.0079687
63,13852.741,0.40613,0.4557,0.31214,0,0.89392,0.89248,0.9185,0.81643,0.89842,0.88817,0.91803,0.78362,0.38824,0.65072,0.3231,0,0.0079354,0.0079354,0.0079354,0.0079354
64,14037.126,0.40268,0.45014,0.3083,0,0.89597,0.88798,0.91848,0.81683,0.90032,0.88778,0.91893,0.78289,0.38815,0.65352,0.32339,0,0.0079021,0.0079021,0.0079021,0.0079021
65,14223.25,0.40119,0.45436,0.30498,0,0.90502,0.88254,0.91924,0.81681,0.9058,0.88472,0.91984,0.78375,0.38867,0.66142,0.32458,0,0.0078688,0.0078688,0.0078688,0.0078688
66,14409.245,0.4098,0.47198,0.31442,0,0.91087,0.87617,0.91941,0.81645,0.91248,0.87744,0.91965,0.78367,0.38785,0.66205,0.32374,0,0.0078355,0.0078355,0.0078355,0.0078355
67,14596.829,0.40228,0.4558,0.31243,0,0.91087,0.87953,0.91913,0.81686,0.91201,0.88052,0.91901,0.78328,0.38665,0.66087,0.32252,0,0.0078022,0.0078022,0.0078022,0.0078022
68,14778.907,0.40159,0.45814,0.30769,0,0.91297,0.87756,0.91932,0.81767,0.91243,0.88235,0.91939,0.78398,0.38584,0.6599,0.32127,0,0.0077689,0.0077689,0.0077689,0.0077689
69,14958.877,0.40578,0.47442,0.30705,0,0.91192,0.87748,0.91926,0.81869,0.91297,0.88189,0.92104,0.78443,0.38504,0.65533,0.32061,0,0.0077356,0.0077356,0.0077356,0.0077356
70,15145.271,0.40443,0.46919,0.31128,0,0.90181,0.88282,0.91873,0.81815,0.91166,0.87898,0.92039,0.78382,0.38493,0.65291,0.32046,0,0.0077023,0.0077023,0.0077023,0.0077023
71,15330.995,0.39587,0.44403,0.30293,0,0.91353,0.87221,0.91835,0.81808,0.91668,0.87485,0.92018,0.78468,0.38437,0.65427,0.3207,0,0.007669,0.007669,0.007669,0.007669
72,15519.565,0.39657,0.4551,0.30051,0,0.91036,0.87688,0.91876,0.81848,0.91326,0.87878,0.92036,0.7856,0.38371,0.65624,0.32021,0,0.0076357,0.0076357,0.0076357,0.0076357
73,15705.612,0.39847,0.46707,0.3124,0,0.90777,0.88094,0.91969,0.81961,0.91328,0.87715,0.92114,0.78616,0.38298,0.65767,0.31932,0,0.0076024,0.0076024,0.0076024,0.0076024
74,15891.945,0.39739,0.45263,0.30086,0,0.90397,0.88505,0.92016,0.81982,0.90875,0.88253,0.9214,0.78707,0.38219,0.65469,0.31891,0,0.0075691,0.0075691,0.0075691,0.0075691
75,16084,0.39481,0.4468,0.29996,0,0.89998,0.89013,0.92061,0.82088,0.90201,0.8921,0.92191,0.78808,0.38147,0.65481,0.31901,0,0.0075358,0.0075358,0.0075358,0.0075358
76,16271.261,0.39216,0.44414,0.29594,0,0.90178,0.88733,0.92039,0.8213,0.90365,0.88839,0.92157,0.78812,0.38117,0.65515,0.31841,0,0.0075025,0.0075025,0.0075025,0.0075025
77,16459.225,0.39852,0.4617,0.3017,0,0.91611,0.87473,0.92035,0.82076,0.91859,0.87682,0.92187,0.78936,0.38083,0.65615,0.31738,0,0.0074692,0.0074692,0.0074692,0.0074692
78,16646.444,0.39115,0.44865,0.29743,0,0.90176,0.88621,0.92057,0.82125,0.9055,0.88614,0.92271,0.78967,0.38029,0.65655,0.31707,0,0.0074359,0.0074359,0.0074359,0.0074359
79,16832.005,0.38868,0.43099,0.29536,0,0.89873,0.89176,0.92116,0.82163,0.90033,0.89281,0.92296,0.79033,0.37989,0.65668,0.31694,0,0.0074026,0.0074026,0.0074026,0.0074026
80,17020.411,0.38923,0.43555,0.29114,0,0.89582,0.89423,0.92101,0.82177,0.89776,0.89513,0.92243,0.79019,0.38005,0.65633,0.31762,0,0.0073693,0.0073693,0.0073693,0.0073693
81,17204.454,0.38419,0.43234,0.29057,0,0.89917,0.88953,0.92115,0.82161,0.90567,0.88783,0.92204,0.79013,0.38012,0.65903,0.31721,0,0.007336,0.007336,0.007336,0.007336
82,17390.15,0.38083,0.42899,0.28736,0,0.90388,0.88556,0.9207,0.82124,0.90742,0.8871,0.92157,0.79019,0.3798,0.65721,0.31672,0,0.0073027,0.0073027,0.0073027,0.0073027
83,17572.155,0.38539,0.43484,0.28737,0,0.90365,0.88593,0.92072,0.82157,0.90751,0.8873,0.92182,0.79105,0.37941,0.65876,0.31681,0,0.0072694,0.0072694,0.0072694,0.0072694
84,17757.226,0.38071,0.44079,0.29117,0,0.90641,0.88382,0.9209,0.82174,0.91236,0.88554,0.92206,0.79119,0.37893,0.65804,0.31707,0,0.0072361,0.0072361,0.0072361,0.0072361
85,17940.32,0.3863,0.44816,0.29379,0,0.90491,0.88547,0.92084,0.82222,0.90919,0.88637,0.92223,0.79121,0.37859,0.66062,0.31779,0,0.0072028,0.0072028,0.0072028,0.0072028
86,18127.348,0.37976,0.42071,0.28568,0,0.9074,0.88267,0.92046,0.82215,0.91167,0.88439,0.92197,0.79148,0.37826,0.66206,0.31854,0,0.0071695,0.0071695,0.0071695,0.0071695
87,18313.334,0.38258,0.42933,0.28378,0,0.91068,0.88073,0.9203,0.8221,0.91484,0.88258,0.92224,0.79145,0.37829,0.66271,0.31884,0,0.0071362,0.0071362,0.0071362,0.0071362
88,18497.666,0.37851,0.42887,0.28845,0,0.90854,0.88392,0.92054,0.82207,0.91286,0.88355,0.92235,0.79164,0.37783,0.66237,0.3184,0,0.0071029,0.0071029,0.0071029,0.0071029
89,18684.668,0.38494,0.4427,0.28721,0,0.90996,0.88209,0.9207,0.82271,0.91303,0.88417,0.92217,0.79172,0.37758,0.66278,0.31781,0,0.0070696,0.0070696,0.0070696,0.0070696
90,18867.697,0.38016,0.43065,0.2876,0,0.9108,0.88365,0.92031,0.82269,0.91415,0.88608,0.92259,0.79205,0.37734,0.66354,0.31747,0,0.0070363,0.0070363,0.0070363,0.0070363
91,19051.719,0.38416,0.44086,0.29279,0,0.91184,0.88252,0.92024,0.82279,0.91529,0.88309,0.92137,0.79185,0.37716,0.66412,0.3174,0,0.007003,0.007003,0.007003,0.007003
92,19238.496,0.37853,0.43327,0.2894,0,0.91161,0.88127,0.92015,0.82267,0.91598,0.88381,0.92247,0.79191,0.377,0.66538,0.31742,0,0.0069697,0.0069697,0.0069697,0.0069697
93,19426.803,0.37123,0.41915,0.28241,0,0.90749,0.8841,0.91987,0.82288,0.91956,0.88202,0.92303,0.79175,0.37696,0.66514,0.31751,0,0.0069364,0.0069364,0.0069364,0.0069364
94,19615.982,0.37271,0.41982,0.28076,0,0.91253,0.88169,0.92006,0.82331,0.91533,0.88352,0.92255,0.79158,0.37699,0.6651,0.31736,0,0.0069031,0.0069031,0.0069031,0.0069031
95,19802.641,0.36937,0.4277,0.28101,0,0.91619,0.87798,0.91996,0.82314,0.91961,0.88089,0.9225,0.79153,0.37685,0.66559,0.31719,0,0.0068698,0.0068698,0.0068698,0.0068698
96,19992.246,0.37509,0.43205,0.28323,0,0.91577,0.88064,0.92,0.82328,0.91855,0.88293,0.92281,0.79119,0.37674,0.66585,0.31707,0,0.0068365,0.0068365,0.0068365,0.0068365
97,20173.506,0.37235,0.42292,0.28043,0,0.91543,0.88124,0.91992,0.8233,0.91857,0.88359,0.92284,0.79093,0.37645,0.66643,0.31709,0,0.0068032,0.0068032,0.0068032,0.0068032
98,20362.237,0.37031,0.42408,0.27584,0,0.91546,0.88048,0.91992,0.82366,0.91971,0.88272,0.92302,0.79113,0.3763,0.66646,0.31712,0,0.0067699,0.0067699,0.0067699,0.0067699
99,20546.536,0.36944,0.42968,0.27816,0,0.91726,0.88011,0.91982,0.8234,0.92067,0.88302,0.92276,0.79155,0.37629,0.66703,0.31689,0,0.0067366,0.0067366,0.0067366,0.0067366
100,20734.321,0.3726,0.42383,0.2788,0,0.91375,0.88186,0.91988,0.82349,0.92034,0.88253,0.92271,0.79196,0.37641,0.668,0.31726,0,0.0067033,0.0067033,0.0067033,0.0067033
101,20920.332,0.36498,0.41869,0.27789,0,0.91161,0.88282,0.91979,0.82331,0.92145,0.88142,0.92241,0.79162,0.3765,0.66787,0.3173,0,0.00667,0.00667,0.00667,0.00667
102,21106.914,0.36401,0.42249,0.27733,0,0.91214,0.88273,0.91964,0.82331,0.92041,0.88089,0.92206,0.79141,0.37633,0.66898,0.31739,0,0.0066367,0.0066367,0.0066367,0.0066367
103,21291.975,0.36497,0.42598,0.27507,0,0.91361,0.88268,0.92004,0.82323,0.92067,0.88007,0.9221,0.79125,0.37651,0.67032,0.31758,0,0.0066034,0.0066034,0.0066034,0.0066034
104,21478.735,0.36445,0.41229,0.27408,0,0.91382,0.88227,0.91996,0.82314,0.91939,0.88172,0.92179,0.7913,0.37666,0.66973,0.31748,0,0.0065701,0.0065701,0.0065701,0.0065701
105,21717.078,0.36871,0.43039,0.27876,0,0.91327,0.88264,0.91994,0.82386,0.91635,0.88473,0.92196,0.79206,0.37633,0.67026,0.31709,0,0.0065368,0.0065368,0.0065368,0.0065368
106,22025.076,0.36111,0.40947,0.27678,0,0.91311,0.88245,0.91971,0.82338,0.9166,0.8845,0.92198,0.79203,0.37644,0.67076,0.31725,0,0.0065035,0.0065035,0.0065035,0.0065035
107,22327.963,0.36552,0.4177,0.27648,0,0.91357,0.88249,0.91989,0.82357,0.91655,0.88491,0.92192,0.79206,0.37583,0.67121,0.31685,0,0.0064702,0.0064702,0.0064702,0.0064702
108,22625.074,0.3685,0.4201,0.27976,0,0.91328,0.88221,0.9198,0.82372,0.91616,0.88457,0.92188,0.79245,0.37605,0.67209,0.31683,0,0.0064369,0.0064369,0.0064369,0.0064369
109,22930.61,0.36286,0.42179,0.27449,0,0.91322,0.8821,0.91979,0.82367,0.91638,0.88462,0.92205,0.7926,0.37611,0.67261,0.31678,0,0.0064036,0.0064036,0.0064036,0.0064036
110,23232.674,0.36322,0.41364,0.27354,0,0.91251,0.88246,0.91997,0.82395,0.91608,0.88483,0.92233,0.79271,0.37609,0.67257,0.31707,0,0.0063703,0.0063703,0.0063703,0.0063703
111,23534.72,0.35058,0.40168,0.26804,0,0.91546,0.87974,0.92014,0.82377,0.91584,0.88446,0.92247,0.79254,0.37649,0.67254,0.31724,0,0.006337,0.006337,0.006337,0.006337
112,23832.153,0.35428,0.40902,0.2655,0,0.91541,0.87945,0.91986,0.82352,0.91577,0.88439,0.92252,0.79281,0.37686,0.67348,0.31767,0,0.0063037,0.0063037,0.0063037,0.0063037
113,24125.748,0.35012,0.3926,0.26824,0,0.91552,0.87938,0.92019,0.82386,0.91849,0.88193,0.92223,0.7933,0.37661,0.67395,0.31765,0,0.0062704,0.0062704,0.0062704,0.0062704
114,24423.862,0.35822,0.41723,0.26184,0,0.91511,0.87881,0.92028,0.8239,0.91725,0.88295,0.92228,0.79342,0.37669,0.6747,0.31769,0,0.0062371,0.0062371,0.0062371,0.0062371
115,24723.961,0.35783,0.41804,0.27036,0,0.90502,0.88676,0.92026,0.82383,0.91655,0.88278,0.92238,0.79329,0.3763,0.67565,0.3175,0,0.0062038,0.0062038,0.0062038,0.0062038
116,25286.108,0.3516,0.40037,0.26483,0,0.90733,0.88464,0.92007,0.82366,0.91577,0.88349,0.92206,0.79337,0.37633,0.67596,0.31751,0,0.0061705,0.0061705,0.0061705,0.0061705
117,25912.646,0.35863,0.41748,0.27185,0,0.90957,0.88283,0.91983,0.82365,0.91363,0.88492,0.92189,0.7933,0.37654,0.67646,0.31766,0,0.0061372,0.0061372,0.0061372,0.0061372
118,26335.486,0.35344,0.4037,0.26501,0,0.90933,0.88201,0.91976,0.82371,0.91021,0.88608,0.92186,0.79299,0.3768,0.67695,0.31776,0,0.0061039,0.0061039,0.0061039,0.0061039
119,26523.211,0.35054,0.40086,0.26366,0,0.90784,0.88247,0.91979,0.82361,0.91086,0.8857,0.92205,0.79294,0.37676,0.67796,0.31788,0,0.0060706,0.0060706,0.0060706,0.0060706
120,26706.492,0.34799,0.40143,0.26215,0,0.91747,0.87451,0.91947,0.82339,0.92178,0.87724,0.92198,0.79271,0.37679,0.67821,0.31811,0,0.0060373,0.0060373,0.0060373,0.0060373
121,26892.631,0.34652,0.39897,0.26096,0,0.91703,0.87493,0.91952,0.82354,0.92101,0.87724,0.92193,0.79293,0.37687,0.67898,0.31832,0,0.006004,0.006004,0.006004,0.006004
122,27075.477,0.34443,0.39591,0.26609,0,0.91716,0.87479,0.91915,0.82347,0.92101,0.87701,0.92171,0.79263,0.37708,0.6792,0.31865,0,0.0059707,0.0059707,0.0059707,0.0059707
123,27262.414,0.34136,0.40808,0.26095,0,0.91571,0.87639,0.91963,0.82359,0.92277,0.87779,0.92229,0.79306,0.37732,0.67991,0.31879,0,0.0059374,0.0059374,0.0059374,0.0059374
124,27450.386,0.33914,0.39126,0.25506,0,0.91528,0.87794,0.91964,0.82371,0.91897,0.87802,0.92193,0.7929,0.37756,0.68029,0.3189,0,0.0059041,0.0059041,0.0059041,0.0059041
125,27641.081,0.33723,0.38234,0.25501,0,0.91645,0.87552,0.91949,0.8236,0.92026,0.87826,0.92244,0.7931,0.37769,0.6811,0.31908,0,0.0058708,0.0058708,0.0058708,0.0058708
126,27825.043,0.34046,0.40428,0.25838,0,0.9163,0.87539,0.91925,0.8236,0.92031,0.87879,0.92253,0.79285,0.3775,0.68212,0.31913,0,0.0058375,0.0058375,0.0058375,0.0058375
127,28009.581,0.34233,0.40492,0.26036,0,0.91462,0.8779,0.91931,0.82387,0.91775,0.88054,0.92245,0.79305,0.37712,0.6828,0.31917,0,0.0058042,0.0058042,0.0058042,0.0058042
128,28195.401,0.33592,0.38461,0.25482,0,0.91577,0.87689,0.91896,0.82366,0.91884,0.87953,0.92211,0.79295,0.37687,0.6826,0.31885,0,0.0057709,0.0057709,0.0057709,0.0057709
129,28380.941,0.33692,0.38856,0.25801,0,0.91565,0.87671,0.9189,0.82347,0.91878,0.88016,0.92231,0.7932,0.37655,0.68332,0.31883,0,0.0057376,0.0057376,0.0057376,0.0057376
130,28571.133,0.33942,0.39402,0.25037,0,0.91506,0.87753,0.91886,0.82379,0.91826,0.88175,0.92233,0.79345,0.37634,0.68439,0.31902,0,0.0057043,0.0057043,0.0057043,0.0057043
131,28760.194,0.33684,0.39217,0.25433,0,0.91562,0.8779,0.91892,0.82379,0.91723,0.88105,0.92242,0.79339,0.37599,0.6845,0.31901,0,0.005671,0.005671,0.005671,0.005671
132,28946.643,0.3278,0.37704,0.25041,0,0.91481,0.87808,0.91875,0.82416,0.91471,0.88273,0.92255,0.79334,0.37577,0.68548,0.31887,0,0.0056377,0.0056377,0.0056377,0.0056377
133,29133.331,0.32562,0.3768,0.24983,0,0.91624,0.87662,0.91865,0.82403,0.91883,0.87914,0.92283,0.79351,0.37528,0.68634,0.31854,0,0.0056044,0.0056044,0.0056044,0.0056044
134,29320.631,0.33547,0.39295,0.25191,0,0.91448,0.87788,0.91861,0.82381,0.91694,0.88123,0.92269,0.79368,0.37513,0.68717,0.31811,0,0.0055711,0.0055711,0.0055711,0.0055711
135,29507.016,0.33577,0.38529,0.25465,0,0.91462,0.87844,0.91855,0.82339,0.91514,0.88253,0.92242,0.79343,0.3748,0.68725,0.31813,0,0.0055378,0.0055378,0.0055378,0.0055378
136,29686.572,0.32643,0.38222,0.24672,0,0.9118,0.87936,0.91837,0.82359,0.91242,0.88485,0.92228,0.79329,0.37466,0.68823,0.31808,0,0.0055045,0.0055045,0.0055045,0.0055045
137,29871.244,0.32656,0.37747,0.24809,0,0.91074,0.88126,0.91849,0.82362,0.91303,0.88527,0.92286,0.79358,0.37463,0.68993,0.31809,0,0.0054712,0.0054712,0.0054712,0.0054712
138,30059.597,0.33194,0.38884,0.24884,0,0.91213,0.87972,0.91854,0.82363,0.92283,0.87724,0.92313,0.79387,0.37457,0.69057,0.31812,0,0.0054379,0.0054379,0.0054379,0.0054379
139,30308.567,0.32877,0.38194,0.24998,0,0.91069,0.88091,0.91838,0.82357,0.91244,0.88674,0.92301,0.794,0.37472,0.69206,0.31818,0,0.0054046,0.0054046,0.0054046,0.0054046
140,30573.156,0.32863,0.38292,0.2448,0,0.91258,0.87895,0.9183,0.82358,0.91356,0.88725,0.92307,0.79409,0.37481,0.69278,0.31843,0,0.0053713,0.0053713,0.0053713,0.0053713
141,30856.436,0.3268,0.37503,0.24923,0,0.9126,0.87744,0.9182,0.82373,0.91243,0.88683,0.92301,0.79421,0.37503,0.69331,0.31863,0,0.005338,0.005338,0.005338,0.005338
142,31139.602,0.32867,0.38627,0.2521,0,0.91142,0.87753,0.91806,0.82355,0.9161,0.88266,0.92262,0.79394,0.37479,0.69385,0.31859,0,0.0053047,0.0053047,0.0053047,0.0053047
143,31427.101,0.32423,0.37411,0.2441,0,0.91157,0.87699,0.91784,0.82346,0.91604,0.88375,0.92254,0.79398,0.37477,0.69479,0.31873,0,0.0052714,0.0052714,0.0052714,0.0052714
144,31706.946,0.31921,0.36551,0.2393,0,0.91188,0.87731,0.91825,0.82349,0.91632,0.88356,0.92252,0.79403,0.37484,0.69582,0.31909,0,0.0052381,0.0052381,0.0052381,0.0052381
145,31985.997,0.32376,0.37595,0.24533,0,0.91085,0.87918,0.91847,0.82335,0.91553,0.88377,0.92243,0.79425,0.37495,0.696,0.31913,0,0.0052048,0.0052048,0.0052048,0.0052048
146,32268.846,0.32184,0.36628,0.24191,0,0.92418,0.86791,0.91845,0.82325,0.91605,0.88235,0.92232,0.79422,0.37507,0.69755,0.31925,0,0.0051715,0.0051715,0.0051715,0.0051715
147,32548.331,0.32236,0.38287,0.24876,0,0.92124,0.8705,0.91836,0.82342,0.92668,0.874,0.92233,0.79446,0.37527,0.69781,0.31926,0,0.0051382,0.0051382,0.0051382,0.0051382
148,32830.24,0.31463,0.37001,0.23951,0,0.91797,0.87214,0.91794,0.82331,0.92641,0.87395,0.92201,0.79465,0.37564,0.69962,0.31942,0,0.0051049,0.0051049,0.0051049,0.0051049
149,33105.337,0.32361,0.37619,0.24724,0,0.92168,0.86951,0.91812,0.82342,0.92712,0.87433,0.92266,0.795,0.37572,0.70059,0.3195,0,0.0050716,0.0050716,0.0050716,0.0050716
150,33391.207,0.3234,0.39046,0.24329,0,0.92142,0.8694,0.91806,0.82327,0.92699,0.87457,0.92264,0.79573,0.37604,0.7013,0.31929,0,0.0050383,0.0050383,0.0050383,0.0050383
151,33675.517,0.31803,0.36286,0.2409,0,0.92166,0.86973,0.91816,0.82344,0.92707,0.87419,0.92251,0.79531,0.37581,0.70112,0.3194,0,0.005005,0.005005,0.005005,0.005005
152,33955.13,0.31461,0.365,0.23935,0,0.92046,0.87019,0.91823,0.82368,0.92715,0.87413,0.9225,0.79565,0.37588,0.70163,0.31926,0,0.0049717,0.0049717,0.0049717,0.0049717
153,34230.206,0.31259,0.37113,0.23943,0,0.92077,0.87001,0.91811,0.82384,0.92649,0.87441,0.92234,0.79562,0.37563,0.70195,0.31914,0,0.0049384,0.0049384,0.0049384,0.0049384
154,34492.12,0.31423,0.3647,0.2373,0,0.92152,0.86977,0.91805,0.82363,0.92829,0.87468,0.92248,0.79589,0.37576,0.70322,0.31933,0,0.0049051,0.0049051,0.0049051,0.0049051
155,34752.676,0.31145,0.36183,0.23576,0,0.9268,0.86821,0.91808,0.82362,0.92909,0.87468,0.92265,0.796,0.37607,0.70365,0.31966,0,0.0048718,0.0048718,0.0048718,0.0048718
156,35017.011,0.31323,0.36746,0.23799,0,0.92539,0.869,0.91836,0.82371,0.93029,0.87422,0.9224,0.79602,0.3762,0.70412,0.31946,0,0.0048385,0.0048385,0.0048385,0.0048385
157,35255.149,0.30605,0.35909,0.23459,0,0.92597,0.86859,0.91824,0.82381,0.93091,0.87376,0.92257,0.79609,0.37663,0.70418,0.31973,0,0.0048052,0.0048052,0.0048052,0.0048052
158,35485.159,0.30802,0.3501,0.23412,0,0.92552,0.86893,0.91828,0.82373,0.93154,0.87457,0.92251,0.79613,0.37702,0.70476,0.31982,0,0.0047719,0.0047719,0.0047719,0.0047719
159,35702.844,0.31361,0.36787,0.23593,0,0.92627,0.86843,0.91825,0.8237,0.9322,0.87449,0.9227,0.79607,0.37722,0.70548,0.31996,0,0.0047386,0.0047386,0.0047386,0.0047386
160,35910.826,0.30694,0.35702,0.23345,0,0.92565,0.8685,0.91821,0.8235,0.93077,0.87427,0.92237,0.79602,0.37765,0.70507,0.32042,0,0.0047053,0.0047053,0.0047053,0.0047053
161,36112.505,0.30457,0.36569,0.23297,0,0.92577,0.86826,0.91801,0.82344,0.93071,0.87431,0.92205,0.79576,0.37767,0.70642,0.32065,0,0.004672,0.004672,0.004672,0.004672
162,36294.714,0.30789,0.35964,0.23593,0,0.92573,0.86806,0.9177,0.82368,0.9267,0.8766,0.92177,0.79535,0.37786,0.70758,0.32098,0,0.0046387,0.0046387,0.0046387,0.0046387
163,36448.527,0.30511,0.35507,0.23424,0,0.92593,0.86828,0.91764,0.82325,0.92735,0.87584,0.92154,0.79555,0.37811,0.70887,0.32116,0,0.0046054,0.0046054,0.0046054,0.0046054
164,36593.774,0.3071,0.35698,0.23368,0,0.92563,0.86895,0.9177,0.82358,0.92707,0.87633,0.92189,0.79555,0.37816,0.70987,0.32099,0,0.0045721,0.0045721,0.0045721,0.0045721
165,36742.082,0.31136,0.37369,0.23732,0,0.92485,0.86931,0.91776,0.82349,0.92791,0.87641,0.92175,0.79574,0.37843,0.7105,0.32133,0,0.0045388,0.0045388,0.0045388,0.0045388
166,36890.226,0.30829,0.36508,0.23439,0,0.92249,0.87027,0.91733,0.82328,0.92814,0.87687,0.9216,0.79565,0.37884,0.71151,0.32164,0,0.0045055,0.0045055,0.0045055,0.0045055
167,37041.229,0.30548,0.35426,0.23259,0,0.9224,0.87005,0.91724,0.82327,0.92726,0.87774,0.92205,0.79552,0.37911,0.71216,0.32211,0,0.0044722,0.0044722,0.0044722,0.0044722
168,37190.043,0.30328,0.35332,0.22845,0,0.92231,0.86977,0.91717,0.82307,0.92748,0.87823,0.92193,0.79541,0.37927,0.71311,0.32212,0,0.0044389,0.0044389,0.0044389,0.0044389
169,37335.408,0.29981,0.3511,0.22842,0,0.92271,0.86968,0.91719,0.82313,0.92713,0.87832,0.92158,0.79532,0.37948,0.71373,0.32235,0,0.0044056,0.0044056,0.0044056,0.0044056
170,37479.575,0.30714,0.36762,0.23179,0,0.92244,0.87059,0.91696,0.82313,0.92687,0.87889,0.92155,0.79549,0.37968,0.71524,0.32239,0,0.0043723,0.0043723,0.0043723,0.0043723
171,37631.634,0.30367,0.35919,0.23013,0,0.92255,0.87089,0.91709,0.82314,0.92841,0.87592,0.92073,0.79527,0.37977,0.71627,0.32238,0,0.004339,0.004339,0.004339,0.004339
172,37785.406,0.30088,0.35771,0.22906,0,0.92165,0.87006,0.91659,0.82322,0.92739,0.87571,0.9207,0.79494,0.3797,0.71654,0.32271,0,0.0043057,0.0043057,0.0043057,0.0043057
173,37937.158,0.305,0.36215,0.23147,0,0.92082,0.87084,0.91667,0.82334,0.92683,0.87627,0.92053,0.79522,0.37979,0.71788,0.32245,0,0.0042724,0.0042724,0.0042724,0.0042724
174,38088.68,0.29679,0.3493,0.22653,0,0.92032,0.87098,0.91667,0.82326,0.92617,0.87613,0.92041,0.79488,0.37981,0.71864,0.32245,0,0.0042391,0.0042391,0.0042391,0.0042391
175,38241.37,0.29627,0.34964,0.22715,0,0.92022,0.87187,0.91676,0.82341,0.92602,0.87669,0.92046,0.79514,0.37996,0.71905,0.32216,0,0.0042058,0.0042058,0.0042058,0.0042058
176,38393.003,0.29523,0.35382,0.22893,0,0.91971,0.87127,0.91645,0.82344,0.92573,0.87638,0.92008,0.79493,0.37999,0.72015,0.32197,0,0.0041725,0.0041725,0.0041725,0.0041725
177,38546.915,0.29797,0.35669,0.22837,0,0.92043,0.87132,0.91647,0.82347,0.92518,0.87806,0.92014,0.795,0.37998,0.72123,0.322,0,0.0041392,0.0041392,0.0041392,0.0041392
178,38700.653,0.29918,0.35665,0.22509,0,0.92104,0.86973,0.91647,0.82357,0.92792,0.87404,0.92058,0.79566,0.37998,0.72219,0.32198,0,0.0041059,0.0041059,0.0041059,0.0041059
179,38853.914,0.29089,0.34835,0.224,0,0.92117,0.87059,0.91628,0.82386,0.92757,0.87528,0.92022,0.79574,0.37994,0.72277,0.322,0,0.0040726,0.0040726,0.0040726,0.0040726
180,39007.299,0.29339,0.35267,0.2265,0,0.92015,0.87078,0.91617,0.82394,0.92698,0.87441,0.92013,0.79578,0.37991,0.72451,0.32208,0,0.0040393,0.0040393,0.0040393,0.0040393
181,39165.118,0.29893,0.35186,0.22553,0,0.91929,0.87035,0.91628,0.82383,0.92578,0.8748,0.92052,0.79622,0.38007,0.72531,0.32253,0,0.004006,0.004006,0.004006,0.004006
182,39313.825,0.28708,0.34626,0.22016,0,0.91959,0.87009,0.91587,0.82374,0.92561,0.87497,0.92049,0.79652,0.38027,0.72677,0.3226,0,0.0039727,0.0039727,0.0039727,0.0039727
183,39467.39,0.29241,0.349,0.22358,0,0.9198,0.87089,0.91578,0.82352,0.92601,0.87477,0.92023,0.79667,0.38029,0.72786,0.32318,0,0.0039394,0.0039394,0.0039394,0.0039394
184,39617.497,0.28322,0.33517,0.21836,0,0.91986,0.86987,0.91569,0.82366,0.92624,0.87477,0.92045,0.79668,0.38039,0.72867,0.32343,0,0.0039061,0.0039061,0.0039061,0.0039061
185,39772.331,0.29181,0.34253,0.2206,0,0.91653,0.87279,0.91593,0.82339,0.92181,0.87717,0.92052,0.79673,0.38058,0.72951,0.32352,0,0.0038728,0.0038728,0.0038728,0.0038728
186,39924.659,0.29038,0.35078,0.22568,0,0.91647,0.87341,0.916,0.8236,0.92164,0.87834,0.92043,0.79701,0.38034,0.73059,0.32345,0,0.0038395,0.0038395,0.0038395,0.0038395
187,40079.645,0.28678,0.34555,0.22555,0,0.91587,0.87338,0.9161,0.82388,0.91969,0.87803,0.92048,0.79723,0.38027,0.73142,0.32326,0,0.0038062,0.0038062,0.0038062,0.0038062
188,40237.962,0.28663,0.34277,0.21869,0,0.91578,0.87423,0.91584,0.82355,0.92003,0.87933,0.92029,0.79707,0.38039,0.73235,0.32327,0,0.0037729,0.0037729,0.0037729,0.0037729
189,40391.609,0.28759,0.35001,0.22271,0,0.91572,0.87261,0.9159,0.82367,0.92074,0.87776,0.92017,0.79717,0.38051,0.73246,0.32314,0,0.0037396,0.0037396,0.0037396,0.0037396
190,40547.15,0.27835,0.33828,0.211,0,0.91864,0.87188,0.91596,0.82377,0.92023,0.87851,0.91997,0.79692,0.38071,0.73296,0.32326,0,0.0037063,0.0037063,0.0037063,0.0037063
191,40699.844,0.28226,0.33881,0.21405,0,0.91904,0.8715,0.91587,0.82366,0.9239,0.8754,0.91953,0.79658,0.381,0.73373,0.32352,0,0.003673,0.003673,0.003673,0.003673
192,40850.094,0.28678,0.34489,0.21841,0,0.91893,0.87091,0.91556,0.82366,0.92377,0.87525,0.91981,0.79683,0.38135,0.73396,0.32407,0,0.0036397,0.0036397,0.0036397,0.0036397
193,41002.898,0.28511,0.34625,0.21545,0,0.91883,0.87232,0.91559,0.82369,0.92397,0.87663,0.9201,0.79713,0.38141,0.73471,0.32398,0,0.0036064,0.0036064,0.0036064,0.0036064
194,41154.538,0.28321,0.34076,0.22015,0,0.91984,0.87198,0.91579,0.82364,0.92475,0.87584,0.92008,0.79717,0.38182,0.73592,0.32392,0,0.0035731,0.0035731,0.0035731,0.0035731
195,41307.95,0.28625,0.34913,0.21852,0,0.92012,0.87129,0.91577,0.82371,0.92441,0.87459,0.91995,0.79717,0.38179,0.73659,0.32399,0,0.0035398,0.0035398,0.0035398,0.0035398
196,41460.289,0.28117,0.34136,0.21566,0,0.91948,0.87114,0.91554,0.82352,0.92445,0.8744,0.91991,0.79738,0.38175,0.73777,0.32418,0,0.0035065,0.0035065,0.0035065,0.0035065
197,41612.643,0.28293,0.33856,0.21853,0,0.92039,0.87114,0.91558,0.82373,0.92512,0.87448,0.91976,0.7976,0.38204,0.73859,0.32439,0,0.0034732,0.0034732,0.0034732,0.0034732
198,41764.873,0.28234,0.33776,0.21642,0,0.91982,0.8709,0.91553,0.82355,0.92563,0.87402,0.9197,0.79739,0.38251,0.73968,0.32465,0,0.0034399,0.0034399,0.0034399,0.0034399
199,41916.047,0.27965,0.33868,0.21451,0,0.92057,0.87013,0.91551,0.82364,0.92596,0.87393,0.91995,0.79776,0.38305,0.74126,0.32505,0,0.0034066,0.0034066,0.0034066,0.0034066
200,42063.641,0.27787,0.33599,0.20876,0,0.91987,0.87043,0.91542,0.82372,0.92476,0.8741,0.91987,0.79816,0.38345,0.74243,0.32502,0,0.0033733,0.0033733,0.0033733,0.0033733
201,42214.663,0.28349,0.34193,0.21785,0,0.92011,0.87032,0.91534,0.82373,0.92539,0.87349,0.91977,0.79821,0.38398,0.74274,0.32498,0,0.00334,0.00334,0.00334,0.00334
202,42362.428,0.27379,0.32847,0.20988,0,0.92084,0.8694,0.91529,0.82365,0.9264,0.87312,0.91978,0.7985,0.38422,0.74272,0.32519,0,0.0033067,0.0033067,0.0033067,0.0033067
203,42513.506,0.27628,0.34283,0.21378,0,0.9212,0.86922,0.91541,0.82362,0.92713,0.87278,0.91969,0.7985,0.3846,0.74466,0.32548,0,0.0032734,0.0032734,0.0032734,0.0032734
204,42656.241,0.27612,0.33537,0.21032,0,0.92201,0.8691,0.91543,0.82375,0.92767,0.87129,0.91963,0.79808,0.38524,0.74642,0.32585,0,0.0032401,0.0032401,0.0032401,0.0032401
205,42802.349,0.27378,0.33144,0.21164,0,0.92204,0.86831,0.91518,0.8236,0.92745,0.87117,0.91952,0.79782,0.3856,0.74729,0.32616,0,0.0032068,0.0032068,0.0032068,0.0032068
206,42955.018,0.26814,0.32953,0.20923,0,0.92217,0.86913,0.9156,0.82347,0.92741,0.87116,0.91954,0.79793,0.38628,0.74871,0.32614,0,0.0031735,0.0031735,0.0031735,0.0031735
207,43105.303,0.27751,0.34115,0.21364,0,0.92172,0.86977,0.91535,0.82353,0.92738,0.87201,0.91956,0.79821,0.38673,0.74954,0.3264,0,0.0031402,0.0031402,0.0031402,0.0031402
208,43249.373,0.27613,0.34015,0.21295,0,0.92295,0.86898,0.91537,0.82351,0.92783,0.87166,0.91946,0.79824,0.3864,0.75114,0.32615,0,0.0031069,0.0031069,0.0031069,0.0031069
209,43397.142,0.27181,0.3294,0.21262,0,0.92305,0.86831,0.9151,0.82313,0.92769,0.8713,0.91832,0.79785,0.38601,0.75173,0.32615,0,0.0030736,0.0030736,0.0030736,0.0030736
210,43540.513,0.27246,0.33313,0.21106,0,0.92213,0.86841,0.9152,0.8231,0.92695,0.87123,0.91826,0.79805,0.38629,0.75324,0.32652,0,0.0030403,0.0030403,0.0030403,0.0030403
211,43688.686,0.27175,0.33592,0.21116,0,0.92293,0.86851,0.91503,0.82286,0.92737,0.87161,0.91846,0.79804,0.38617,0.75454,0.3266,0,0.003007,0.003007,0.003007,0.003007
212,43835.882,0.26657,0.31734,0.20311,0,0.92332,0.86866,0.91479,0.82286,0.92815,0.87042,0.91792,0.79795,0.38686,0.75608,0.32727,0,0.0029737,0.0029737,0.0029737,0.0029737
213,43984.638,0.27319,0.33296,0.21156,0,0.92356,0.86828,0.91487,0.82282,0.92797,0.87061,0.91796,0.79774,0.38679,0.75745,0.32735,0,0.0029404,0.0029404,0.0029404,0.0029404
214,44139.113,0.27072,0.33246,0.20549,0,0.92385,0.86849,0.9149,0.82279,0.92742,0.87063,0.91784,0.79804,0.38679,0.75898,0.32773,0,0.0029071,0.0029071,0.0029071,0.0029071
215,44288.049,0.26568,0.32255,0.20615,0,0.92559,0.8687,0.91482,0.82263,0.92925,0.87041,0.91787,0.79789,0.38695,0.76081,0.32752,0,0.0028738,0.0028738,0.0028738,0.0028738
216,44430.543,0.26953,0.32719,0.2056,0,0.92578,0.86803,0.91464,0.82262,0.92969,0.86873,0.91739,0.79773,0.38701,0.76273,0.32798,0,0.0028405,0.0028405,0.0028405,0.0028405
217,44573.01,0.26641,0.32138,0.20723,0,0.9259,0.86636,0.91437,0.82247,0.93029,0.86761,0.91717,0.79773,0.38716,0.76549,0.32816,0,0.0028072,0.0028072,0.0028072,0.0028072
218,44718.094,0.26561,0.32242,0.20678,0,0.92699,0.86584,0.91415,0.82235,0.93124,0.86755,0.9176,0.79773,0.38685,0.76611,0.32836,0,0.0027739,0.0027739,0.0027739,0.0027739
219,44867.948,0.26385,0.32076,0.20538,0,0.92731,0.86544,0.91406,0.82235,0.93282,0.86666,0.91752,0.79767,0.38706,0.76815,0.32829,0,0.0027406,0.0027406,0.0027406,0.0027406
220,45010.581,0.26647,0.33346,0.20523,0,0.92662,0.86589,0.91416,0.82212,0.93022,0.86826,0.91748,0.79792,0.38803,0.76909,0.32865,0,0.0027073,0.0027073,0.0027073,0.0027073
221,45160.249,0.25964,0.32367,0.2022,0,0.92552,0.86548,0.91416,0.8223,0.93533,0.86519,0.91779,0.79796,0.38901,0.77118,0.329,0,0.002674,0.002674,0.002674,0.002674
222,45310.182,0.26351,0.32472,0.20367,0,0.92733,0.86487,0.91436,0.82222,0.9359,0.8649,0.91764,0.79806,0.38975,0.77148,0.32913,0,0.0026407,0.0026407,0.0026407,0.0026407
223,45461.343,0.26244,0.32694,0.20379,0,0.92556,0.8654,0.91443,0.82227,0.93415,0.86511,0.91752,0.79812,0.39031,0.77269,0.32933,0,0.0026074,0.0026074,0.0026074,0.0026074
224,45611.534,0.26039,0.32566,0.20504,0,0.92585,0.86538,0.91462,0.82241,0.93386,0.86536,0.91733,0.79828,0.39121,0.77496,0.32964,0,0.0025741,0.0025741,0.0025741,0.0025741
225,45759.363,0.25878,0.32889,0.20001,0,0.92654,0.86475,0.91452,0.82261,0.93404,0.86526,0.9171,0.79827,0.39177,0.77622,0.32985,0,0.0025408,0.0025408,0.0025408,0.0025408
226,45899.845,0.26006,0.31528,0.20248,0,0.92639,0.86466,0.914,0.82227,0.93272,0.86499,0.91679,0.79839,0.39229,0.77765,0.33027,0,0.0025075,0.0025075,0.0025075,0.0025075
227,46048.521,0.25328,0.31213,0.19775,0,0.92592,0.86447,0.91448,0.82231,0.93396,0.86483,0.91716,0.79833,0.39259,0.77807,0.3305,0,0.0024742,0.0024742,0.0024742,0.0024742
228,46197.884,0.2529,0.31193,0.19239,0,0.92721,0.8639,0.91385,0.82233,0.93356,0.86441,0.917,0.79835,0.39308,0.77853,0.33048,0,0.0024409,0.0024409,0.0024409,0.0024409
229,46345.314,0.26291,0.33207,0.20159,0,0.92663,0.86357,0.91379,0.82206,0.93441,0.86396,0.91693,0.79841,0.39315,0.77966,0.33073,0,0.0024076,0.0024076,0.0024076,0.0024076
230,46495.376,0.25643,0.31948,0.19794,0,0.92599,0.86403,0.91364,0.82184,0.93017,0.86592,0.91712,0.79855,0.39333,0.78082,0.33096,0,0.0023743,0.0023743,0.0023743,0.0023743
231,46650.309,0.25778,0.32363,0.20054,0,0.9256,0.8647,0.91338,0.82161,0.93022,0.86641,0.91706,0.79872,0.39415,0.78148,0.33139,0,0.002341,0.002341,0.002341,0.002341
232,46772.659,0.25653,0.31682,0.19853,0,0.92596,0.86433,0.9134,0.82212,0.93143,0.8663,0.91697,0.79892,0.39441,0.78186,0.33161,0,0.0023077,0.0023077,0.0023077,0.0023077
233,46894.107,0.25343,0.31549,0.19724,0,0.92647,0.86457,0.91318,0.82197,0.93207,0.86664,0.91732,0.79878,0.39423,0.78294,0.33178,0,0.0022744,0.0022744,0.0022744,0.0022744
234,47015.342,0.25402,0.31929,0.19648,0,0.92624,0.86429,0.91335,0.82184,0.93208,0.86681,0.91745,0.79878,0.39448,0.78392,0.33219,0,0.0022411,0.0022411,0.0022411,0.0022411
235,47136.769,0.25386,0.31714,0.19684,0,0.92693,0.86438,0.91339,0.82168,0.93176,0.8671,0.9173,0.79857,0.39486,0.78395,0.33252,0,0.0022078,0.0022078,0.0022078,0.0022078
236,47258.221,0.25434,0.31426,0.1992,0,0.92659,0.86438,0.91293,0.82148,0.93173,0.86691,0.9172,0.7985,0.39516,0.78621,0.33283,0,0.0021745,0.0021745,0.0021745,0.0021745
237,47380.193,0.25296,0.31789,0.19712,0,0.9272,0.86416,0.91285,0.82134,0.93182,0.86658,0.91688,0.79842,0.39513,0.78701,0.33329,0,0.0021412,0.0021412,0.0021412,0.0021412
238,47500.758,0.25559,0.32562,0.20083,0,0.92662,0.8642,0.91281,0.82125,0.93075,0.86691,0.91687,0.79833,0.39568,0.78752,0.33377,0,0.0021079,0.0021079,0.0021079,0.0021079
239,47621.775,0.25265,0.3171,0.19244,0,0.92602,0.86393,0.91302,0.82114,0.93106,0.86689,0.9172,0.79863,0.39635,0.78808,0.33434,0,0.0020746,0.0020746,0.0020746,0.0020746
240,47741.719,0.24753,0.30623,0.19346,0,0.92562,0.86405,0.91322,0.82076,0.9324,0.86703,0.91707,0.79871,0.39748,0.78904,0.33484,0,0.0020413,0.0020413,0.0020413,0.0020413
241,47861.661,0.25223,0.31494,0.19326,0,0.92487,0.8643,0.91312,0.82094,0.92973,0.86724,0.917,0.79867,0.39839,0.79022,0.3354,0,0.002008,0.002008,0.002008,0.002008
242,47983.906,0.25033,0.31536,0.19656,0,0.92455,0.86522,0.91303,0.82096,0.93012,0.86663,0.91655,0.79852,0.39863,0.79119,0.33592,0,0.0019747,0.0019747,0.0019747,0.0019747
243,48105.731,0.25188,0.32359,0.19434,0,0.9238,0.86655,0.91288,0.82097,0.93047,0.867,0.91671,0.79849,0.39901,0.79189,0.33584,0,0.0019414,0.0019414,0.0019414,0.0019414
244,48227.021,0.24842,0.31417,0.19275,0,0.92342,0.86557,0.91304,0.82085,0.9284,0.86768,0.91657,0.7985,0.39952,0.79302,0.33619,0,0.0019081,0.0019081,0.0019081,0.0019081
245,48347.474,0.2454,0.30511,0.19176,0,0.92488,0.86473,0.91287,0.82063,0.92975,0.86693,0.91683,0.79844,0.40009,0.79391,0.33628,0,0.0018748,0.0018748,0.0018748,0.0018748
246,48467.525,0.24693,0.30839,0.19473,0,0.92536,0.86457,0.91281,0.82084,0.92929,0.86718,0.91657,0.79851,0.40049,0.79427,0.33644,0,0.0018415,0.0018415,0.0018415,0.0018415
247,48587.999,0.24433,0.30209,0.19195,0,0.92437,0.86457,0.91291,0.82074,0.92846,0.86736,0.91615,0.79828,0.40096,0.7947,0.33654,0,0.0018082,0.0018082,0.0018082,0.0018082
248,48707.972,0.24579,0.31479,0.19287,0,0.92323,0.86537,0.91271,0.82045,0.92745,0.8682,0.91611,0.79845,0.40145,0.796,0.3367,0,0.0017749,0.0017749,0.0017749,0.0017749
249,48829.434,0.24411,0.31441,0.19085,0,0.92344,0.86545,0.91263,0.82081,0.92735,0.86846,0.91617,0.7988,0.40086,0.79655,0.33677,0,0.0017416,0.0017416,0.0017416,0.0017416
250,48949.884,0.24761,0.30772,0.1948,0,0.92296,0.86565,0.91271,0.82128,0.92699,0.86864,0.91632,0.79911,0.40134,0.79678,0.33715,0,0.0017083,0.0017083,0.0017083,0.0017083
251,49069.877,0.23959,0.30626,0.18942,0,0.92263,0.86576,0.91302,0.82126,0.92663,0.86884,0.91638,0.79922,0.40067,0.79846,0.33718,0,0.001675,0.001675,0.001675,0.001675
252,49190.441,0.24364,0.30674,0.19062,0,0.9236,0.86463,0.91278,0.82147,0.92582,0.87032,0.91629,0.79906,0.39965,0.79897,0.3373,0,0.0016417,0.0016417,0.0016417,0.0016417
253,49310.834,0.24999,0.31619,0.19405,0,0.92319,0.86478,0.91248,0.82161,0.92456,0.87012,0.91614,0.79911,0.3995,0.79941,0.33753,0,0.0016084,0.0016084,0.0016084,0.0016084
254,49430.631,0.23974,0.3106,0.19187,0,0.92288,0.8643,0.91264,0.8218,0.92448,0.87029,0.91616,0.79913,0.40058,0.79998,0.33792,0,0.0015751,0.0015751,0.0015751,0.0015751
255,49551.861,0.24513,0.31657,0.1914,0,0.92044,0.8664,0.91266,0.82168,0.92461,0.87007,0.91626,0.79929,0.40123,0.80094,0.33855,0,0.0015418,0.0015418,0.0015418,0.0015418
256,49672.6,0.23957,0.30617,0.18835,0,0.92122,0.86521,0.91284,0.82175,0.92439,0.86929,0.91661,0.79986,0.40236,0.80154,0.33906,0,0.0015085,0.0015085,0.0015085,0.0015085
257,49792.835,0.23998,0.2988,0.18718,0,0.92047,0.86558,0.91299,0.82163,0.92451,0.86938,0.91641,0.79989,0.40343,0.8018,0.33935,0,0.0014752,0.0014752,0.0014752,0.0014752
258,49914.075,0.24136,0.32101,0.19339,0,0.92018,0.86585,0.91314,0.82162,0.93029,0.86454,0.91668,0.80013,0.40457,0.80182,0.33966,0,0.0014419,0.0014419,0.0014419,0.0014419
259,50035.213,0.23527,0.2962,0.18557,0,0.91929,0.86558,0.91301,0.82104,0.93048,0.86427,0.91645,0.80021,0.40612,0.80307,0.34006,0,0.0014086,0.0014086,0.0014086,0.0014086
260,50157.035,0.24131,0.30467,0.18707,0,0.91864,0.86631,0.91296,0.82079,0.93083,0.86427,0.91647,0.80042,0.40738,0.80239,0.34023,0,0.0013753,0.0013753,0.0013753,0.0013753
261,50280.236,0.24029,0.29921,0.18633,0,0.91892,0.86636,0.91289,0.82096,0.93119,0.86449,0.91641,0.80045,0.40873,0.80345,0.34069,0,0.001342,0.001342,0.001342,0.001342
262,50401.66,0.23364,0.29459,0.18016,0,0.92569,0.86087,0.91276,0.82076,0.93107,0.86495,0.91664,0.80071,0.40989,0.80355,0.3411,0,0.0013087,0.0013087,0.0013087,0.0013087
263,50523.215,0.23983,0.30625,0.18553,0,0.92536,0.86173,0.91265,0.82073,0.9307,0.86618,0.91684,0.80088,0.4109,0.80465,0.34131,0,0.0012754,0.0012754,0.0012754,0.0012754
264,50645.718,0.23885,0.30617,0.18389,0,0.92464,0.86193,0.91268,0.82048,0.9301,0.8661,0.91669,0.80095,0.41209,0.80484,0.34184,0,0.0012421,0.0012421,0.0012421,0.0012421
265,50765.642,0.23376,0.30036,0.18572,0,0.92542,0.86191,0.91249,0.8204,0.93065,0.86674,0.91671,0.8007,0.41318,0.80504,0.34225,0,0.0012088,0.0012088,0.0012088,0.0012088
266,50886.174,0.23735,0.29926,0.18182,0,0.92319,0.86388,0.91246,0.8203,0.92874,0.86814,0.91643,0.80078,0.41432,0.80674,0.34286,0,0.0011755,0.0011755,0.0011755,0.0011755
267,51006.75,0.23535,0.30573,0.18536,0,0.91963,0.86673,0.91239,0.82004,0.92734,0.86935,0.91627,0.80084,0.41564,0.80959,0.34351,0,0.0011422,0.0011422,0.0011422,0.0011422
268,51127.561,0.23346,0.29814,0.18176,0,0.92403,0.86302,0.91255,0.82031,0.92877,0.86802,0.91688,0.80129,0.41679,0.8106,0.34395,0,0.0011089,0.0011089,0.0011089,0.0011089
269,51248.175,0.23761,0.30573,0.1863,0,0.9201,0.86649,0.91256,0.82043,0.92597,0.87028,0.91664,0.80138,0.41681,0.81204,0.34403,0,0.0010756,0.0010756,0.0010756,0.0010756
270,51369.54,0.23207,0.29414,0.18069,0,0.92228,0.86503,0.91262,0.82026,0.92712,0.86964,0.91651,0.80128,0.41683,0.81246,0.34431,0,0.0010423,0.0010423,0.0010423,0.0010423
271,51489.587,0.23315,0.29885,0.18517,0,0.9211,0.86503,0.91212,0.81996,0.92616,0.86944,0.9163,0.80117,0.41808,0.81328,0.34487,0,0.001009,0.001009,0.001009,0.001009
272,51610.361,0.23498,0.30504,0.18256,0,0.92202,0.86514,0.91234,0.81966,0.92737,0.86942,0.91674,0.8016,0.41931,0.81412,0.34547,0,0.0009757,0.0009757,0.0009757,0.0009757
273,51731.88,0.23138,0.29567,0.18154,0,0.92202,0.86576,0.91227,0.81968,0.92656,0.86975,0.91659,0.80181,0.42048,0.81267,0.34568,0,0.0009424,0.0009424,0.0009424,0.0009424
274,51854.446,0.23017,0.29725,0.18029,0,0.92287,0.86567,0.91239,0.81954,0.92736,0.86964,0.91647,0.8017,0.42075,0.81603,0.346,0,0.0009091,0.0009091,0.0009091,0.0009091
275,51975.466,0.23469,0.30017,0.18462,0,0.92207,0.86512,0.91211,0.81914,0.92706,0.86911,0.91623,0.8017,0.42194,0.81644,0.34647,0,0.0008758,0.0008758,0.0008758,0.0008758
276,52096.649,0.23315,0.29882,0.18145,0,0.92224,0.86529,0.91207,0.819,0.92772,0.86963,0.91665,0.80198,0.42323,0.81534,0.34696,0,0.0008425,0.0008425,0.0008425,0.0008425
277,52219.81,0.23098,0.30184,0.18003,0,0.92189,0.86484,0.91205,0.81913,0.92734,0.86909,0.91659,0.80204,0.42445,0.81658,0.34781,0,0.0008092,0.0008092,0.0008092,0.0008092
278,52340.219,0.2323,0.30266,0.18268,0,0.92282,0.86485,0.91231,0.81891,0.92717,0.86902,0.91665,0.80202,0.42562,0.81908,0.34839,0,0.0007759,0.0007759,0.0007759,0.0007759
279,52461.015,0.22925,0.29896,0.17942,0,0.92197,0.86503,0.91231,0.81855,0.92833,0.86821,0.91657,0.80216,0.42701,0.81988,0.34902,0,0.0007426,0.0007426,0.0007426,0.0007426
280,52580.918,0.23086,0.3,0.18314,0,0.9237,0.86412,0.91221,0.8185,0.92907,0.86767,0.91646,0.80196,0.42817,0.82001,0.34978,0,0.0007093,0.0007093,0.0007093,0.0007093
281,52701.404,0.22971,0.29823,0.18154,0,0.92326,0.86385,0.91238,0.81868,0.92852,0.86678,0.91662,0.80244,0.4284,0.82051,0.35001,0,0.000676,0.000676,0.000676,0.000676
282,52821.016,0.23222,0.29293,0.18036,0,0.92323,0.86326,0.91244,0.81875,0.9232,0.87057,0.91696,0.80303,0.42971,0.82081,0.35073,0,0.0006427,0.0006427,0.0006427,0.0006427
283,52940.895,0.22946,0.30118,0.17883,0,0.92283,0.86256,0.912,0.81835,0.92327,0.8703,0.91664,0.80294,0.43008,0.82137,0.3511,0,0.0006094,0.0006094,0.0006094,0.0006094
284,53061.399,0.22849,0.29361,0.17853,0,0.92269,0.86343,0.91169,0.81795,0.92426,0.87001,0.91699,0.80301,0.43129,0.82181,0.35197,0,0.0005761,0.0005761,0.0005761,0.0005761
285,53181.844,0.22865,0.29376,0.17812,0,0.92405,0.86211,0.91181,0.81786,0.92792,0.86636,0.91658,0.80272,0.43238,0.82286,0.35287,0,0.0005428,0.0005428,0.0005428,0.0005428
286,53302.867,0.22277,0.28916,0.17701,0,0.92252,0.86268,0.91128,0.81756,0.93253,0.86214,0.91619,0.8027,0.43318,0.82299,0.35362,0,0.0005095,0.0005095,0.0005095,0.0005095
287,53426.076,0.22813,0.30076,0.17913,0,0.92274,0.86153,0.91141,0.81755,0.9319,0.86206,0.91612,0.80252,0.43424,0.82299,0.35407,0,0.0004762,0.0004762,0.0004762,0.0004762
288,53547.434,0.22898,0.30198,0.17786,0,0.92251,0.86238,0.91143,0.81762,0.92708,0.86602,0.91636,0.80263,0.43452,0.82348,0.3546,0,0.0004429,0.0004429,0.0004429,0.0004429
289,53667.723,0.22663,0.28831,0.17526,0,0.92266,0.86138,0.91108,0.8171,0.92752,0.8651,0.91629,0.80272,0.43558,0.82515,0.35564,0,0.0004096,0.0004096,0.0004096,0.0004096
290,53788.935,0.22543,0.28768,0.17789,0,0.92238,0.86138,0.91122,0.81692,0.92711,0.86501,0.91619,0.8028,0.43656,0.82627,0.35633,0,0.0003763,0.0003763,0.0003763,0.0003763
291,53911.24,0.17905,0.25263,0.13467,0,0.92252,0.86155,0.91106,0.81644,0.92682,0.86501,0.91577,0.80242,0.43748,0.82687,0.35671,0,0.000343,0.000343,0.000343,0.000343
292,54032.278,0.17575,0.24858,0.13198,0,0.92227,0.86173,0.91071,0.81644,0.92664,0.86528,0.91545,0.80235,0.43846,0.82842,0.35752,0,0.0003097,0.0003097,0.0003097,0.0003097
293,54152.821,0.17435,0.25066,0.13091,0,0.92196,0.86184,0.9107,0.81612,0.9267,0.86556,0.91533,0.80216,0.43944,0.82956,0.35759,0,0.0002764,0.0002764,0.0002764,0.0002764
294,54273.953,0.1721,0.24626,0.12929,0,0.92176,0.86175,0.91062,0.81613,0.92738,0.86439,0.91547,0.80255,0.44033,0.83043,0.35822,0,0.0002431,0.0002431,0.0002431,0.0002431
295,54394.706,0.16971,0.24756,0.13106,0,0.92281,0.86118,0.91072,0.81583,0.93194,0.86215,0.9155,0.80234,0.44152,0.83189,0.35893,0,0.0002098,0.0002098,0.0002098,0.0002098
296,54515.192,0.17257,0.24942,0.13055,0,0.92553,0.85828,0.91052,0.8157,0.93301,0.86132,0.91569,0.8026,0.44254,0.83348,0.35956,0,0.0001765,0.0001765,0.0001765,0.0001765
297,54636.734,0.17317,0.25138,0.12993,0,0.92048,0.86175,0.91044,0.81519,0.92025,0.87023,0.91559,0.80265,0.44354,0.83484,0.36009,0,0.0001432,0.0001432,0.0001432,0.0001432
298,54757.414,0.17199,0.24631,0.12932,0,0.92605,0.85828,0.91025,0.81491,0.92037,0.87101,0.91522,0.80227,0.44429,0.83592,0.36093,0,0.0001099,0.0001099,0.0001099,0.0001099
299,54878.536,0.17006,0.24917,0.12849,0,0.92109,0.86202,0.9101,0.81458,0.92055,0.87061,0.91514,0.80233,0.4452,0.83664,0.361,0,7.66e-05,7.66e-05,7.66e-05,7.66e-05
300,54998.624,0.17027,0.24571,0.12728,0,0.92075,0.8623,0.91062,0.81455,0.92029,0.86988,0.91523,0.80208,0.44597,0.83843,0.3617,0,4.33e-05,4.33e-05,4.33e-05,4.33e-05
