image,has_mask,ll_depth_corr,ll_depth_psnr,hf_depth_corr,ll_energy_share,hf_energy_share,hf_boundary_auc,depth_grad_boundary_auc,ll_grad_boundary_auc,mean_hf_on_boundary,mean_hf_off_boundary
622_xinjiang_IMG_0001_20260519032107538.jpg,1,0.9613347864809672,23.84910080013549,-0.11661320096504586,0.9881663683163542,0.01183363168077488,0.5963443006611844,0.606720302515509,0.6141700481196561,0.01141162496060133,0.011947501450777054
622_xinjiang_IMG_0001_20260519035419839.jpg,1,0.9624100586662793,23.7353824280813,-0.11211599945000683,0.9876520854695329,0.012347914527548916,0.5135699197998981,0.5338645899517673,0.5677047328173372,0.018015624955296516,0.012241357937455177
622_xinjiang_IMG_0002_20260519035950928.jpg,1,0.9615800548222546,23.866457607240868,-0.11625210535536992,0.98820377996074,0.011796220036386635,0.6116816828533713,0.6235325209871636,0.6448817272256088,0.02528146468102932,0.011760493740439415
622_xinjiang_IMG_0002_20260531183823941.jpg,1,0.9471328637527482,22.149034103296646,-0.09102972288029738,0.9804606696971545,0.01953933029964063,0.614578727794216,0.6599565154503144,0.6696804837540079,0.0182499960064888,0.01687421277165413
622_xinjiang_IMG_0005_20260519022640012.jpg,1,0.9617649002629045,23.915548915780963,-0.11074153184947598,0.9883590852090423,0.011640914788090045,0.6394646657711966,0.6728726950980447,0.687279404351006,0.02210136689245701,0.011568660847842693
622_xinjiang_IMG_0005_20260601194700559.jpg,1,0.946112813182552,22.270743686239122,-0.060834993054765016,0.9797894804788416,0.02021051951774929,0.6224685190387774,0.6588327842675256,0.6623545274276628,0.012191101908683777,0.01582189090549946
622_xinjiang_IMG_0005_20260602202800435.jpg,1,0.9409889789363667,21.824491203147343,-0.06099539466449992,0.9775203252548323,0.02247967474174605,0.6438551001718821,0.6485119994117816,0.6454065203096465,0.005300583317875862,0.0177591722458601
622_xinjiang_IMG_0007_20260519031052562.jpg,1,0.9611973623234562,23.68355007993692,-0.12186381095563746,0.9876609659939437,0.012339034003174784,0.5619945200228187,0.6143016389761073,0.6505626778302114,0.025319458916783333,0.012437262572348118
622_xinjiang_IMG_0007_20260601213601074.jpg,1,0.9488721476511255,22.313377365102774,-0.08384937509609222,0.9815671798541494,0.018432820142710648,0.602937210145244,0.6249732868099058,0.6414702536539991,0.015890739858150482,0.015881873667240143
622_xinjiang_IMG_0008_20260519034404107.jpg,1,0.9604640761352751,23.763862075818484,-0.11399587483384518,0.9879412438438825,0.012058756153248905,0.6083456048170123,0.6321059979375083,0.6499396285915332,0.017824674025177956,0.01207700651139021
622_xinjiang_IMG_0009_20260519195352213.jpg,1,0.9610050072322129,23.764774972620767,-0.11221519869905947,0.9879184486207698,0.01208155137635552,0.615222094165352,0.6290722639510989,0.6250733222527044,0.00458968011662364,0.012110388837754726
622_xinjiang_IMG_0012_20260602202801133.jpg,1,0.9456346818102026,22.238352714875006,-0.06312134314171443,0.9796521768447563,0.020347823151836947,0.6223905732801899,0.6299088775727129,0.6226002749539088,0.0023191990330815315,0.016061391681432724
622_xinjiang_IMG_0012_20260602212716738.jpg,1,0.9537112588118006,22.913488660841384,-0.09738632361109537,0.9845205730685128,0.01547942692845962,0.5858240858843538,0.6221656923185941,0.6442035005668935,0.01441977359354496,0.014049198478460312
622_xinjiang_IMG_0014_20260519035642641.jpg,1,0.9614379046386543,23.863194653079777,-0.1151119804432349,0.9882348764378767,0.011765123559259797,0.6497287100402988,0.7308740090072214,0.7838384439914949,0.0343000590801239,0.011695967987179756
622_xinjiang_IMG_0018_20260519031141201.jpg,1,0.9608799480245841,23.911282542104804,-0.10849233015883394,0.9884417125041226,0.011558287493032842,0.6242303489617763,0.6302810522421386,0.6304475033270367,0.004046336282044649,0.011623152531683445
622_xinjiang_IMG_0019_20260519033523707.jpg,1,0.9610196195681612,23.754919018974828,-0.11436085940496413,0.9879558756119252,0.012044124385215528,0.5995903363101802,0.6599108309991865,0.7323324490899465,0.035118911415338516,0.011995821259915829
622_xinjiang_IMG_0020_20260519030212085.jpg,1,0.961566294892811,23.74947212281558,-0.11617327274179218,0.9878000607629687,0.01219993923413868,0.5642340908768355,0.5991409952988809,0.6231169439413794,0.02419281378388405,0.012182611040771008
622_xinjiang_IMG_0021_20260519033301410.jpg,1,0.9611989150141809,23.98270735895549,-0.1064786667004022,0.9885969469582566,0.011403053038890469,0.6456516282496749,0.6464282163760785,0.6415128217000784,0.0031731054186820984,0.011406637728214264
622_xinjiang_IMG_0021_20260531180430128.jpg,1,0.9483109723349846,22.2789343699213,-0.07411571128104805,0.9803904077383899,0.019609592258296095,0.6223008514745411,0.6214080101484312,0.6116528763881839,0.005342551507055759,0.01630965806543827
622_xinjiang_IMG_0022_20260519030212330.jpg,1,0.961160778343049,23.71293622025029,-0.11669586160800405,0.9877472685443262,0.012252731452793025,0.5616352391035724,0.6087291118860347,0.645476353657481,0.024234047159552574,0.01226575393229723
622_xinjiang_IMG_0023_20260519063608445.jpg,1,0.9620390911786569,24.07295172353048,-0.11070678635880277,0.9888301993114433,0.01116980068570348,0.6618104841122614,0.6757529762498421,0.6721834171104861,0.0030029122717678547,0.011277332901954651
622_xinjiang_IMG_0023_20260531180517658.jpg,1,0.9463929058519819,22.032825820638386,-0.08320832522216212,0.9795069820700218,0.02049301792670561,0.5635491896371846,0.593227935152764,0.615225893822591,0.02280765399336815,0.017137644812464714
622_xinjiang_IMG_0024_20260601042338501.jpg,1,0.960535277074446,23.92459730179604,-0.10663423193158716,0.9883942168532667,0.011605783143868318,0.6979832573638788,0.7130155648504554,0.710927728185675,0.006341871339827776,0.01146655436605215
622_xinjiang_IMG_0024_20260601201837957.jpg,1,0.9475354810973021,22.371966847093514,-0.07020903167034642,0.9804662402220513,0.019533759774576075,0.657716880586377,0.6801863297024314,0.6740060998004482,0.006071674171835184,0.01573902554810047
622_xinjiang_IMG_0025_20260519031007209.jpg,1,0.9615876552526176,23.804407724191385,-0.11571348141477909,0.9880601932664455,0.011939806730687544,0.5930935185600205,0.6184810149997474,0.6256583926040235,0.010950245894491673,0.01210818998515606
622_xinjiang_IMG_0025_20260519033301887.jpg,1,0.9608151346367353,23.8962430478815,-0.10811419434303375,0.9883349041046848,0.011665095892454276,0.6393287544227477,0.6479705638187532,0.6449793192011297,0.003535896074026823,0.01168403122574091
622_xinjiang_IMG_0027_20260519032158098.jpg,1,0.9601306077550014,23.725864845578663,-0.11696967601309624,0.9878219644684209,0.012178035528707302,0.6253859921563323,0.6345630864294833,0.6424436676827211,0.00620846264064312,0.012240641750395298
622_xinjiang_IMG_0027_20260519032554715.jpg,1,0.9617718301821837,23.958700253544084,-0.11006295370610832,0.9884939783544261,0.011506021642711152,0.6464687625389431,0.6693698749147976,0.6700505837792283,0.004763060249388218,0.011517677456140518
622_xinjiang_IMG_0027_20260601211751828.jpg,1,0.9484970897669027,22.49479263258502,-0.08909401997922513,0.9827974882823763,0.01720251171456833,0.6784113617684028,0.7059078677606362,0.706404289976775,0.005140953231602907,0.01519362349063158
622_xinjiang_IMG_0028_20260519033437231.jpg,1,0.9609159920643188,23.830445461078323,-0.1134470618913754,0.9881474733171921,0.01185252667994474,0.6310897364644739,0.651526351037243,0.6695907507220316,0.0165532436221838,0.01182747446000576
622_xinjiang_IMG_0028_20260601041719724.jpg,1,0.9603795539038739,23.917045252315333,-0.10133541726451809,0.9883665946177551,0.011633405379378074,0.6128486291711134,0.6273617240206959,0.626162715050873,0.0007077465998008847,0.011515134014189243
622_xinjiang_IMG_0029_20260519033437423.jpg,1,0.9615432460308273,23.95839326955903,-0.10912455335690006,0.9885184900376548,0.011481509959488745,0.6998012025283944,0.7598301865985286,0.7730712437951063,0.024070575833320618,0.011372408829629421
622_xinjiang_IMG_0031_20260519032333207.jpg,1,0.9607930446422587,23.65583520479696,-0.1170914393001298,0.9874974002591135,0.012502599737985386,0.7015128989873713,0.7161703946896362,0.7204053125195008,0.010044345632195473,0.012705517001450062
622_xinjiang_IMG_0031_20260519032642832.jpg,1,0.9619473957314185,23.812231353425595,-0.11532678152601529,0.9879624691387483,0.012037530858356071,0.6243735894018336,0.6410141564683549,0.6520946201381316,0.011682959273457527,0.012135397642850876
622_xinjiang_IMG_0031_20260519072026075.jpg,1,0.960976274535081,23.709912427119768,-0.1183607620541169,0.9877383744633002,0.012261625533818902,0.632708129098291,0.6621309856042175,0.6825334373912527,0.021363291889429092,0.012277673929929733
622_xinjiang_IMG_0031_20260519210233121.jpg,1,0.9607564925815099,23.695710584542358,-0.11140730912505123,0.9876715500627686,0.012328449934344198,0.6625675166261966,0.6894091686845182,0.6921585101078713,0.012915922328829765,0.012241203337907791
622_xinjiang_IMG_0032_20260602040411655.jpg,1,0.9606718239186232,23.878787091656093,-0.10213439987866785,0.9882203931680348,0.011779606829087868,0.7782200808593537,0.813947466235543,0.8161113705577737,0.01181555911898613,0.011485995724797249
622_xinjiang_IMG_0033_20260519030038859.jpg,1,0.9608095212934554,23.823342192600514,-0.11648945985274844,0.9881099985441617,0.01189000145297072,0.6078918470423973,0.6184182148710329,0.6171473819479822,0.0060091945342719555,0.01213779952377081
622_xinjiang_IMG_0033_20260519033612913.jpg,1,0.9599545710720808,23.671370250315707,-0.1202671211895663,0.9876377725734014,0.012362227423719754,0.6421768754215579,0.6588106147771741,0.6558160613889281,0.004259226378053427,0.012641205452382565
622_xinjiang_IMG_0033_20260519034407035.jpg,1,0.9598669028071529,23.734257604564654,-0.11709127606588378,0.987860618607276,0.012139381389855796,0.5958834618357111,0.6211953151501252,0.6295166850646184,0.010651687160134315,0.01220475323498249
622_xinjiang_IMG_0033_20260531050553543.jpg,1,0.9593710895688828,23.654337695288397,-0.11939101748170403,0.9875651997484203,0.012434800248695303,0.6644242889175436,0.6891922356779987,0.6961034384890176,0.014562455005943775,0.012564361095428467
622_xinjiang_IMG_0035_20260531191845274.jpg,1,0.9473722502383034,22.172287953471685,-0.09085343956280711,0.9810614845739679,0.018938515422909093,0.6133073720723409,0.6412960451535971,0.659075455632496,0.01960938237607479,0.016440046951174736
622_xinjiang_IMG_0035_20260601202014327.jpg,1,0.9468054205391399,22.305489319676152,-0.07071107916017436,0.9804394835265999,0.019560516470074094,0.6438259407706037,0.6521954280936709,0.6430440305341958,0.0054543511942029,0.01588662900030613
622_xinjiang_IMG_0036_20260531183652838.jpg,1,0.947230713517138,21.926515502588146,-0.08175364316060559,0.9792312673330764,0.020768732663687287,0.6590574695965595,0.6813287465048617,0.6969859723384881,0.021191824227571487,0.017672143876552582
622_xinjiang_IMG_0037_20260601040839840.jpg,1,0.9599624581092215,23.7315759066791,-0.11224868570507704,0.9877212749384109,0.012278725058689783,0.6502212289885562,0.7007245953012903,0.7128998852059981,0.014269850216805935,0.01203787513077259
622_xinjiang_IMG_0038_20260531185859988.jpg,1,0.9464067978921273,21.92316909608403,-0.08092918432879985,0.9791543136283873,0.020845686368366877,0.552960210451344,0.5914154347291718,0.6153804486337564,0.02314860001206398,0.01754661090672016
622_xinjiang_IMG_0040_20260519032112048.jpg,1,0.9611751071392406,23.57988915899874,-0.12127468338461202,0.9872677454016858,0.012732254595410912,0.6110496983245131,0.6267224629478707,0.6586272391882736,0.02173747681081295,0.012870348058640957
622_xinjiang_IMG_0040_20260519205440563.jpg,1,0.9610675232142145,23.675499677734276,-0.11273642992187177,0.9875701216461094,0.012429878350993247,0.6456843460116402,0.6743631343157894,0.6809892113701106,0.012014957144856453,0.012532616034150124
622_xinjiang_IMG_0041_20260519034455467.jpg,1,0.9607084201927869,23.797814699009674,-0.12258959983091174,0.9880510670125722,0.011948932984562986,0.5846411740546051,0.630610350892508,0.654540632634602,0.022565478459000587,0.011937184259295464
622_xinjiang_IMG_0041_20260531181225751.jpg,1,0.9444426172968191,22.159634419936953,-0.07682855757587624,0.9803418101940033,0.019658189802764486,0.5664315590789142,0.5695206777949832,0.5656641819888238,0.000226002826821059,0.01616678573191166
622_xinjiang_IMG_0042_20260519031143862.jpg,1,0.9607961093276532,23.516187467899066,-0.11980851121652064,0.9870377254017888,0.012962274595298551,0.5687544986841693,0.6047273515037527,0.6257618697689805,0.025437843054533005,0.012983148917555809
622_xinjiang_IMG_0043_20260531183035107.jpg,1,0.9439195743464508,21.871998159790863,-0.07400320221505836,0.9785851728322797,0.02141482716442483,0.5857427234759217,0.6428093481708098,0.6885393121996273,0.029944024980068207,0.01740192249417305
622_xinjiang_IMG_0045_20260601195547068.jpg,1,0.9492095070013394,22.480338624359653,-0.06913456330963391,0.9807014143507866,0.019298585645797128,0.666727628055764,0.6822772772793757,0.6764238188532988,0.008806285448372364,0.015385647304356098
622_xinjiang_IMG_0046_20260519033439381.jpg,1,0.9606146879991994,23.594728697555965,-0.12022422089434344,0.9872973346214688,0.012702665375624776,0.5668650599321432,0.6087861643537213,0.6560401277931679,0.029694030061364174,0.01262672245502472
622_xinjiang_IMG_0046_20260519035337646.jpg,1,0.9626072233757079,23.67222181073486,-0.11678116054898453,0.9873812009488625,0.01261879904819826,0.5822668895497399,0.6323615387472797,0.6776716646566436,0.024786297231912613,0.01260424591600895
622_xinjiang_IMG_0046_20260519201339886.jpg,1,0.9602563498371323,23.669624950074915,-0.11198956147470135,0.987582934983976,0.012417065013133563,0.686404755370413,0.7040901277108074,0.7027350179438704,0.006383353378623724,0.01242623757570982
622_xinjiang_IMG_0046_20260602035223195.jpg,1,0.9599696765936669,23.72957277489887,-0.10766464448227821,0.9877128665527081,0.01228713344439197,0.6014867990052156,0.6107127573217949,0.6084211653318152,0.005381383467465639,0.012181699275970459
622_xinjiang_IMG_0047_20260519035559355.jpg,1,0.9620515507888336,23.925401604770297,-0.11648633939517532,0.9883662259170772,0.011633774080050275,0.6333070022173121,0.6639038420975463,0.6677317724119856,0.009721403941512108,0.011736158281564713
622_xinjiang_IMG_0047_20260519035956137.jpg,1,0.9612638010748135,23.992390934972256,-0.10520396245577437,0.9886469264871077,0.011353073510045527,0.668289878505919,0.661731149745533,0.6540534468678483,0.005397645756602287,0.011322219856083393
622_xinjiang_IMG_0048_20260519034456284.jpg,1,0.9610088818055524,23.869101146318382,-0.11218185009803373,0.9882499783635086,0.011750021633627658,0.5746095543251325,0.5894395284294992,0.5901819915426932,0.015697067603468895,0.011789449490606785
622_xinjiang_IMG_0049_20260519030525137.jpg,1,0.9608998099841223,23.60276389485193,-0.1228267596899842,0.9873340641515609,0.01266593584553568,0.5812727172164006,0.6070047746580749,0.6295781658988331,0.017452344298362732,0.012888511642813683
622_xinjiang_IMG_0049_20260519031144668.jpg,1,0.9608201898775575,23.83233998272366,-0.11478946323410899,0.9881548915386481,0.011845108458489281,0.6650369846584677,0.6973559938850493,0.7011288553578633,0.012276135385036469,0.0119519317522645
622_xinjiang_IMG_0049_20260602205100177.jpg,1,0.9445058569877423,22.1842780206285,-0.07428060341211448,0.9803741404942395,0.0196258595025152,0.5544096929355975,0.5784680928081422,0.5894796293953366,0.011420571245253086,0.016265718266367912
622_xinjiang_IMG_0050_20260519065645853.jpg,1,0.9613079237806833,23.978762114404116,-0.11070689074105072,0.9885779814824269,0.011422018514718097,0.6511106304290095,0.661324651011502,0.6524286288147341,0.0017035618657246232,0.011568873189389706
622_xinjiang_IMG_0051_20260519032248155.jpg,1,0.9608456957696929,23.66944095534683,-0.12356169347797645,0.9875708193832679,0.012429180613838927,0.5985365050902083,0.6250082306992362,0.648363244269715,0.019150231033563614,0.012569445185363293
622_xinjiang_IMG_0052_20260519064453502.jpg,1,0.9610069146259974,23.91590790509372,-0.11335073393491403,0.9881864153811425,0.011813584615947033,0.6010356441249732,0.6230884273856514,0.6358291997560704,0.013061902485787868,0.011718962341547012
622_xinjiang_IMG_0052_20260531041349653.jpg,1,0.9597483929348145,23.74141563469469,-0.11619518342134146,0.9878436960524667,0.012156303944656405,0.6774843793836477,0.7495558851264473,0.7991445558491888,0.04605928808450699,0.01174868457019329
622_xinjiang_IMG_0052_20260601221141034.jpg,1,0.9565578018179164,23.168858893994315,-0.09722531150173248,0.9857168922643781,0.014283107732659174,0.5830139651728126,0.6002854211224381,0.6149582077831403,0.007652052212506533,0.013288232497870922
622_xinjiang_IMG_0053_20260519030525515.jpg,1,0.9609368870725288,23.848632463916033,-0.11314647601123155,0.9881827204035402,0.01181727959359321,0.6408673712456171,0.6709113212990993,0.68421811688011,0.011790662072598934,0.011897462420165539
622_xinjiang_IMG_0053_20260519035956807.jpg,1,0.9613957158564178,24.01685730089739,-0.10532172021046231,0.9886978766760255,0.011302123321124607,0.6063856159275434,0.619818027086665,0.6154208408937138,0.0023417265620082617,0.011296632699668407
622_xinjiang_IMG_0054_20260601030928665.jpg,1,0.9604505064907625,23.930973386937936,-0.10259182132346197,0.9883924267964165,0.011607573200713895,0.6785704596334545,0.6941592265364629,0.696633182459727,0.001239556004293263,0.011378268711268902
622_xinjiang_IMG_0055_20260519031058066.jpg,1,0.9607682026791279,23.892203681786178,-0.1077562500358804,0.9883347964551197,0.011665203542022096,0.6795135571286182,0.6860231444912869,0.6805273738701936,0.0022403993643820286,0.011684798635542393
622_xinjiang_IMG_0055_20260602191353127.jpg,1,0.9466517852852386,22.366656171952506,-0.07479080882169943,0.9815838047031203,0.018416195293703884,0.5701539046107769,0.5786089960691786,0.5711320628030134,0.0019934303127229214,0.015485507436096668
622_xinjiang_IMG_0056_20260519061055960.jpg,1,0.9608178123921403,24.02272482812795,-0.1093835523056516,0.9885679670520062,0.011432032945107197,0.629674818660554,0.6344310162017089,0.6378999778354659,0.0020896815694868565,0.011435828171670437
622_xinjiang_IMG_0057_20260519032248911.jpg,1,0.9609707741076898,23.897416249276343,-0.11623468558472884,0.9883565427640923,0.011643457233051303,0.6446136642634175,0.6597124613287506,0.6604944227350732,0.010830512270331383,0.011679788120090961
622_xinjiang_IMG_0057_20260519034409793.jpg,1,0.961177506126885,23.934326440160277,-0.1131775004733066,0.9884554022032334,0.011544597793910377,0.6204786556245814,0.6332955816272152,0.6309998358533037,0.00909675657749176,0.011627130210399628
622_xinjiang_IMG_0057_20260519034544769.jpg,1,0.9606668073088788,23.899981915338657,-0.10669103097611407,0.9883802550540132,0.011619744943134603,0.5725171662613415,0.5721486749251369,0.568360913014166,0.0012190773850306869,0.01163481269031763
622_xinjiang_IMG_0058_20260519034457462.jpg,1,0.9598909751903655,23.489967328009612,-0.12814089416489113,0.9870082762589606,0.012991723738137693,0.6101066271911386,0.6528895255924654,0.6862345271819991,0.028277860954403877,0.01306117046624422
622_xinjiang_IMG_0059_20260519061056327.jpg,1,0.9606335135694979,24.045431524999167,-0.11305408763576205,0.9885969160026155,0.01140308399449013,0.582260399966416,0.597049600613027,0.5971354176675114,0.002509393962100148,0.011397016234695911
622_xinjiang_IMG_0060_20260519030836162.jpg,1,0.9608009776728339,23.782915364844893,-0.11697405692320179,0.9879719591362794,0.012028040860846636,0.5911184177520944,0.617132276372342,0.6478527511393802,0.02519988641142845,0.011921396479010582
622_xinjiang_IMG_0060_20260519034855017.jpg,1,0.9609867226378209,23.64078708489958,-0.12104901754548775,0.9874846470616007,0.012515352935505215,0.5790425463571957,0.6191242867984145,0.6506158017030149,0.019203579053282738,0.01265212893486023
622_xinjiang_IMG_0062_20260519031146215.jpg,1,0.96154784679813,23.934765872779423,-0.10717032156274313,0.9884391778583633,0.01156082213877604,0.6268676942420119,0.6532290258222438,0.6594086009479444,0.009676662273705006,0.01159363891929388
622_xinjiang_IMG_0063_20260519061716348.jpg,1,0.9611743622635694,23.888476867346277,-0.11437502597749875,0.9883021430835272,0.01169785691360906,0.6398366793261883,0.7074692544040309,0.7453375984259543,0.029917577281594276,0.011586408130824566
622_xinjiang_IMG_0064_20260519035823321.jpg,1,0.9609591036452112,23.95828369523134,-0.10801857015476737,0.9885506409538074,0.011449359043344185,0.771692803505893,0.7725690332547183,0.7609279090022343,0.001430085627362132,0.01135084219276905
622_xinjiang_IMG_0065_20260531172555573.jpg,1,0.9488653619669342,22.382257662893448,-0.08635750028009374,0.9817110955482368,0.01828890444859806,0.6276799152987341,0.6563647684208258,0.6683465817994682,0.018287191167473793,0.015734607353806496
622_xinjiang_IMG_0065_20260531192555298.jpg,1,0.947830930945618,22.2745453169208,-0.10092753853602107,0.981654019067198,0.018345980929704717,0.5616284557599741,0.6063815499621922,0.6374327492300776,0.027716854587197304,0.016162926331162453
622_xinjiang_IMG_0065_20260531192905590.jpg,1,0.949818887268451,22.641016246474095,-0.08685425885376248,0.9833475158880942,0.016652484108846843,0.6127958246146963,0.6241048564185769,0.6145091852424075,0.0008866097778081894,0.014851408079266548
622_xinjiang_IMG_0066_20260519032202512.jpg,1,0.9602609611729865,23.804802563244692,-0.11000973860556833,0.9880802343703745,0.011919765626762986,0.6623648035346134,0.691662459252225,0.6965815867803379,0.011229596100747585,0.011916611343622208
622_xinjiang_IMG_0068_20260519195224419.jpg,1,0.9613571888208129,23.620943427446978,-0.11948847033662742,0.9873681386195972,0.01263186137749509,0.6427566848210549,0.6967132556419648,0.722019733751448,0.020820384845137596,0.012595602311193943
622_xinjiang_IMG_0069_20260531201543104.jpg,1,0.9475191232267496,22.178827284163198,-0.07006886769007672,0.9795253287756105,0.02047467122100813,0.6391519917622404,0.6604993839353164,0.6594363171748895,0.008150218985974789,0.0166753102093935
622_xinjiang_IMG_0071_20260601212552053.jpg,1,0.9490446718690408,22.486724741216193,-0.09149466985227157,0.9827885510914721,0.017211448905476608,0.5991932891590239,0.6146529588756295,0.6140413267379732,0.01338911335915327,0.015199725516140461
622_xinjiang_IMG_0072_20260519030043290.jpg,1,0.961009598515085,23.820519048803163,-0.11220455327419596,0.9880852806239196,0.011914719373208713,0.6822476136966629,0.6922090712259878,0.6874919884484703,0.002686779946088791,0.012132935225963593
622_xinjiang_IMG_0072_20260519033219930.jpg,1,0.9604422072778661,23.760283782231916,-0.11581473989176165,0.9879032680401408,0.01209673195698383,0.6498118417190906,0.6743728466555734,0.687075430195564,0.010489372536540031,0.012206013314425945
622_xinjiang_IMG_0073_20260519182444116.jpg,1,0.9618030550070534,23.67338643253499,-0.110248836201325,0.9875298777628105,0.012470122234284113,0.6647664996457098,0.7105213034792244,0.7502968136857542,0.02943308651447296,0.012098857201635838
622_xinjiang_IMG_0074_20260519025337471.jpg,1,0.9613733749248542,23.839636571479144,-0.11164868066231588,0.9880990739874648,0.011900926009654296,0.6098096530285567,0.6457615591279858,0.6696111468693238,0.013112044893205166,0.011901221238076687
622_xinjiang_IMG_0074_20260531055939073.jpg,1,0.9602935148729737,23.87414377410542,-0.10876642240702986,0.9882349722051939,0.01176502779193535,0.6149808660327927,0.6159995750051515,0.6135421940773013,0.0029034363105893135,0.011762060225009918
622_xinjiang_IMG_0076_20260519030528237.jpg,1,0.9612296161917736,23.647829870908016,-0.12154595797959718,0.9874663155903425,0.012533684406754444,0.6131643847516371,0.639150310859243,0.6532570351367623,0.014260242693126202,0.012761096470057964
622_xinjiang_IMG_0076_20260519032647937.jpg,1,0.9608607888179747,23.87312998403733,-0.10875502941668158,0.9882649781846667,0.01173502181247046,0.7139549710336047,0.7458055327405264,0.750812010549694,0.008547743782401085,0.011663323268294334
622_xinjiang_IMG_0076_20260519064543800.jpg,1,0.9602448640924469,23.700943970081553,-0.12173457376366743,0.9877392141770867,0.012260785820038544,0.6021789244941146,0.6295742723457098,0.6489159279700142,0.02554490976035595,0.01233908161520958
622_xinjiang_IMG_0077_20260602201927063.jpg,1,0.9480860187717123,22.12808914571307,-0.06899481583509096,0.9790246272454024,0.020975372751173768,0.6118328131826678,0.650106857729163,0.6781406565425678,0.020932283252477646,0.016831472516059875
622_xinjiang_IMG_0079_20260519030528548.jpg,1,0.9605915543686399,23.742260608039302,-0.11607399658095664,0.9878688915099052,0.012131108487223239,0.6779219135419069,0.7018073119595946,0.7122107231510264,0.018845397979021072,0.012219185009598732
622_xinjiang_IMG_0079_20260519031013487.jpg,1,0.9609531755685196,23.729297818396567,-0.11456487991171235,0.9877833503513506,0.012216649645766207,0.5770271126435405,0.5942944018897477,0.6079960769629743,0.016709763556718826,0.012250338681042194
622_xinjiang_IMG_0079_20260602201927347.jpg,1,0.9480620609166087,22.136228921252016,-0.07361394462713708,0.9789676592696108,0.021032340726949605,0.6596125413317233,0.6928257049927616,0.7074857896261588,0.01915154419839382,0.016835350543260574
622_xinjiang_IMG_0080_20260519031457666.jpg,1,0.9607997616108912,23.880511707078483,-0.1108371396961895,0.988291619579165,0.011708380417973816,0.6371591029386856,0.6442934874661247,0.6367294551363483,0.0013394461711868644,0.01176520623266697
622_xinjiang_IMG_0081_20260519031719769.jpg,1,0.9611580297660934,23.965529523046452,-0.10868541492270024,0.9885864008962375,0.01141359910091826,0.6338374407313494,0.6757014330244991,0.677398226495183,0.0035915467888116837,0.011440543457865715
622_xinjiang_IMG_0081_20260519032735927.jpg,1,0.960707733403726,23.801974572121548,-0.11556051225086088,0.9880564994058927,0.01194350059124101,0.7354271282690752,0.7664114311389896,0.7974423244444134,0.024182220920920372,0.011907868087291718
622_xinjiang_IMG_0081_20260531180436939.jpg,1,0.9465100556690597,22.123888477043593,-0.07970943280910311,0.9799636948498498,0.02003630514688288,0.5976708971155222,0.6299029136129782,0.6596074596093566,0.025302447378635406,0.01650913432240486
622_xinjiang_IMG_0082_20260519030703683.jpg,1,0.9617026468850952,23.93325340721832,-0.11478427298338602,0.9884612503990173,0.011538749598128489,0.6206904989087456,0.6242264118281504,0.6223664489686338,0.005780806299299002,0.011704042553901672
622_xinjiang_IMG_0083_20260519033928418.jpg,1,0.961547797072182,23.99750160721071,-0.1105465582064731,0.9886281493368267,0.011371850660318473,0.6276358854377442,0.6355735730033346,0.6305630187441945,0.001011592335999012,0.011450727470219135
622_xinjiang_IMG_0083_20260519035737870.jpg,1,0.961598875976659,23.960924921510795,-0.11116132335054985,0.9885625540740403,0.011437445923112613,0.6161453187915645,0.6093446237718486,0.6339142398613407,0.03490196913480759,0.011312233284115791
622_xinjiang_IMG_0083_20260519062028743.jpg,1,0.9615754870370133,24.024996438555938,-0.10612977676137847,0.9887024700606551,0.011297529936490724,0.6650069546568158,0.6768593064383803,0.6735819163134157,0.003145977621898055,0.011301754973828793
622_xinjiang_IMG_0084_20260519034412903.jpg,1,0.9609463937385162,23.637425371884863,-0.12194898268228795,0.9874539791527608,0.012546020844340254,0.5821916469883682,0.6057906579123922,0.6148205540709545,0.01738237589597702,0.012799795717000961
622_xinjiang_IMG_0085_20260519033047102.jpg,1,0.9606531595777119,23.808837588710258,-0.11299925029415377,0.9881549821698024,0.011845017827350516,0.6140002207610225,0.6679369650852964,0.7102542962244214,0.048437587916851044,0.011654515750706196
622_xinjiang_IMG_0088_20260519032649389.jpg,1,0.961352485358842,23.95640011553031,-0.10738687408489433,0.9885135913799729,0.011486408617170749,0.6781119608909022,0.6918191828666507,0.6900189037370892,0.005742853507399559,0.011526559479534626
622_xinjiang_IMG_0088_20260519033309125.jpg,1,0.9605250185452952,23.786326815247413,-0.11319047066118355,0.9880367531164108,0.011963246880728504,0.6681089621000469,0.7116959136646972,0.742530962933464,0.020913749933242798,0.011986973695456982
622_xinjiang_IMG_0088_20260519034500948.jpg,1,0.9608952474368084,23.86704644739705,-0.11038956271341374,0.9882721591156036,0.011727840881539373,0.6870316648800368,0.712887268120915,0.718609652609516,0.0104907788336277,0.011704228818416595
622_xinjiang_IMG_0088_20260602211533789.jpg,1,0.953518859125821,22.986775321923126,-0.09026554788475744,0.9849129934402456,0.015087006556753378,0.5720061354310436,0.5757301923415437,0.5715657863647781,0.0031664366833865643,0.013773440383374691
622_xinjiang_IMG_0089_20260519030045169.jpg,1,0.9609180655318195,23.880889547814192,-0.11384247953877273,0.98833614384658,0.011663856150569528,0.6525667657264086,0.6874847167473582,0.7038251707160152,0.017992129549384117,0.011631307192146778
622_xinjiang_IMG_0089_20260519032205125.jpg,1,0.9608215829243463,23.88343358406054,-0.11202300962079391,0.9883014476019475,0.011698552395191806,0.6422397798822009,0.6668051997714086,0.6729967192722801,0.008104820735752583,0.011688049882650375
622_xinjiang_IMG_0089_20260519033221869.jpg,1,0.9607474785597634,23.84756137060056,-0.11302735148282915,0.9882163939818823,0.011783606015259908,0.6681778058898973,0.6881342308155411,0.691900038726142,0.0148559445515275,0.011770522221922874
622_xinjiang_IMG_0090_20260519052514615.jpg,1,0.962168167987335,23.806801702307933,-0.11611915639003627,0.9879025264583827,0.012097473538710756,0.5810562405487801,0.5917147617916945,0.6081199109460395,0.016300274059176445,0.012141958810389042
622_xinjiang_IMG_0090_20260601210918034.jpg,1,0.9471385935063779,22.420837205145546,-0.08492197587871542,0.9822305377614401,0.017769462235457136,0.5452428774948932,0.5498407522037907,0.5451399733042855,0.00020287098595872521,0.015471965074539185
622_xinjiang_IMG_0091_20260519032117963.jpg,1,0.9609169615259741,23.935260409117728,-0.10848734545102053,0.9884678389382107,0.011532161058935493,0.6136751364508066,0.6194215482170872,0.6255272479645485,0.0019356140401214361,0.011589095927774906
622_xinjiang_IMG_0095_20260519034549148.jpg,1,0.960955706908098,23.813586434756353,-0.11380284851691602,0.988111814826453,0.011888185170686343,0.6427304991539763,0.6646255875164505,0.6740316459860876,0.016280964016914368,0.011931006796658039
622_xinjiang_IMG_0096_20260519030133369.jpg,1,0.9610038479746776,23.872251856839814,-0.11434134496694752,0.9882556714117202,0.011744328585415275,0.6500878916056394,0.674155394275427,0.6783132573471506,0.009120992384850979,0.011846653185784817
622_xinjiang_IMG_0097_20260519032031111.jpg,1,0.9611879111736814,23.60226991090116,-0.12197472426148553,0.9872594842811934,0.012740515715886537,0.6266754074920691,0.631314330794994,0.6403761701309575,0.014064168557524681,0.013048098422586918
622_xinjiang_IMG_0097_20260531050735179.jpg,1,0.9602296206040962,23.918814445734075,-0.10638508868935762,0.9883999147623309,0.011600085234809281,0.5890571940295084,0.588013778571504,0.5748761831089936,0.002904149703681469,0.011611000634729862
622_xinjiang_IMG_0098_20260531175200783.jpg,1,0.9486051004388258,22.381403753913286,-0.08396997774233374,0.9819556445106854,0.01804435548619233,0.7571591922547549,0.7722051459028484,0.7564293932299289,0.005315118003636599,0.015812264755368233
622_xinjiang_IMG_0099_20260602201357845.jpg,1,0.95497690207884,22.903588681663134,-0.06275907995319488,0.9815442647330828,0.018455735263315752,0.7283086877974873,0.7524734301057824,0.762205188755771,0.019164470955729485,0.014231832697987556
622_xinjiang_IMG_0100_20260519030356137.jpg,1,0.9616747562209031,24.009982360928575,-0.10864568244609028,0.9886694099065949,0.011330590090552511,0.6516727501237424,0.6544138947494207,0.6473889894086952,0.007062663324177265,0.011370287276804447
622_xinjiang_IMG_0100_20260519031150577.jpg,1,0.9610895555295944,23.754311437960393,-0.11536120597299888,0.987883896649933,0.012116103347191048,0.5696514680041591,0.6087939570821223,0.6391545794870778,0.022239912301301956,0.012093099765479565
622_xinjiang_IMG_0100_20260519032031420.jpg,1,0.960248151324255,23.62522845966049,-0.11639611420290738,0.9874739717035708,0.012526028293543089,0.6532859094914835,0.6817295694562645,0.7021588311210373,0.015813156962394714,0.012572712264955044
622_xinjiang_IMG_0101_20260519191654230.jpg,1,0.9615435131668169,23.80418463366044,-0.10432544876142243,0.9880285672545024,0.011971432742623215,0.6642675861440107,0.6808518109148619,0.6783946275539546,0.01109577901661396,0.011879871599376202
622_xinjiang_IMG_0102_20260519033223303.jpg,1,0.9606918763871678,23.741549725001576,-0.11832748777874194,0.9878558609909509,0.012144139006174929,0.633068954684999,0.6903338671744178,0.7307150805229162,0.028132641687989235,0.012089635245501995
622_xinjiang_IMG_0102_20260531172559838.jpg,1,0.9474140363697886,22.20582752487745,-0.08005686673055397,0.9807904157676416,0.019209584229166226,0.6305626207322983,0.655527121873568,0.6749605160161466,0.01376129686832428,0.016307925805449486
622_xinjiang_IMG_0103_20260519034327443.jpg,1,0.9607691733780427,23.55352449209718,-0.11973028965181552,0.9871858395967326,0.01281416040036314,0.56397219244748,0.5766018498790737,0.5960921060639419,0.021290067583322525,0.012751808390021324
622_xinjiang_IMG_0103_20260531201856096.jpg,1,0.9502072440846908,22.343061021333778,-0.08256885633515798,0.9804722844905926,0.019527715506058148,0.6424368957279339,0.656491007373676,0.678998857217906,0.025512976571917534,0.016149098053574562
622_xinjiang_IMG_0104_20260519032119481.jpg,1,0.9610921997215952,23.838157201403128,-0.11321403246367265,0.9881984997176149,0.011801500279529238,0.6906615470488697,0.7343664964396303,0.7515279907087157,0.02065613493323326,0.011772614903748035
622_xinjiang_IMG_0106_20260519054101158.jpg,1,0.9619938866703737,24.097189813278316,-0.10355271023315109,0.9889306161301754,0.011069383866981185,0.6378579458774938,0.6653381303617448,0.6641404967179323,0.0007837951416149735,0.011061794124543667
622_xinjiang_IMG_0107_20260519030000173.jpg,1,0.9616783829923321,23.804711097679032,-0.11516073597289869,0.9880274264715877,0.011972573525537234,0.6142259547095668,0.6208650266248679,0.6387831455096478,0.0187382735311985,0.012116852216422558
622_xinjiang_IMG_0107_20260519195625534.jpg,1,0.9615739301446775,23.826975159557833,-0.10665360969655782,0.9880925076480991,0.01190749234902682,0.6626970722464868,0.6728709101343574,0.6701645661723481,0.003418881446123123,0.011847148649394512
622_xinjiang_IMG_0107_20260601031022295.jpg,1,0.9595420917322561,23.808028227221133,-0.10593677973278484,0.9880495034037502,0.011950496593377876,0.6034122784867185,0.6264026180409502,0.6229337829950562,0.001481724320910871,0.01177440769970417
622_xinjiang_IMG_0108_20260519034813114.jpg,1,0.961053039942183,23.916768600864167,-0.10972891441208234,0.9884620151376214,0.011537984859535451,0.6131457001476348,0.6218686822074564,0.6140830025089744,0.009193035773932934,0.011487926356494427
622_xinjiang_IMG_0108_20260602205638376.jpg,1,0.9438215045010595,22.1737452670125,-0.07374184484135218,0.9801019021935815,0.019898097803136165,0.6695130635622789,0.6788911449594365,0.6761739027296056,0.005528250243514776,0.016261005774140358
622_xinjiang_IMG_0109_20260519030754338.jpg,1,0.9621075068557003,23.977724836133632,-0.11414425330862933,0.9885486832635471,0.011451316733591272,0.6453173513430951,0.6540247139773475,0.6546385392800651,0.011877431534230709,0.011547342874109745
622_xinjiang_IMG_0109_20260601222028236.jpg,1,0.9559895542859208,23.104634220475816,-0.10652890860582787,0.9854569960718478,0.014543003925179779,0.6797746951918694,0.7017998970488327,0.7156434146005421,0.016996905207633972,0.013621211983263493
622_xinjiang_IMG_0111_20260519032032682.jpg,1,0.9610183617686616,23.836379569714584,-0.11609290565153896,0.9881550929137419,0.011844907083392817,0.6965325592842287,0.7272075738351227,0.7304615589789918,0.010450489819049835,0.01185136754065752
622_xinjiang_IMG_0112_20260601195157925.jpg,1,0.9489011679798705,22.432833161798243,-0.060926780744765076,0.9799585879761895,0.02004141202030138,0.6937003484584262,0.7227950894166396,0.7231914427440234,0.010489466600120068,0.01563788764178753
622_xinjiang_IMG_0113_20260519210417404.jpg,1,0.9612797854397139,23.882924162066068,-0.11065018324306941,0.9882863350186868,0.011713664978449195,0.7727943207239302,0.7882415847639765,0.781404384121167,0.0032790114637464285,0.011751046404242516
622_xinjiang_IMG_0113_20260602211758912.jpg,1,0.9532220934083665,22.824409023718964,-0.1017109423708577,0.9842527669887094,0.01574723300827315,0.5401257271702158,0.5536400125870236,0.5683931224409379,0.013896740041673183,0.01450058352202177
622_xinjiang_IMG_0114_20260519031017453.jpg,1,0.9615875511797293,23.883558435288666,-0.1149880452551604,0.9882466340452816,0.011753365951844256,0.6190466265902024,0.6233620253175999,0.6170781984633817,0.0034273420460522175,0.011975529603660107
622_xinjiang_IMG_0114_20260601042348758.jpg,1,0.9605986871169899,23.9260664555172,-0.11025575063949755,0.9884043436109151,0.011595656386221407,0.5565250568932177,0.5625590666730962,0.5601956453809541,0.004641643725335598,0.011576671153306961
622_xinjiang_IMG_0116_20260519034416561.jpg,1,0.9603314711672017,23.71242674927219,-0.11642865598022319,0.9877209647875718,0.012279035209541512,0.6036903665901912,0.6142979761714186,0.6150654168822313,0.009665455669164658,0.012472622096538544
622_xinjiang_IMG_0116_20260519035258406.jpg,1,0.9609540532811521,23.907902000270308,-0.11119868976483632,0.9884445378819612,0.011555462115197214,0.7864025659777171,0.8063834440288368,0.801239609808341,0.01030013058334589,0.011548525653779507
622_xinjiang_IMG_0116_20260519054546173.jpg,1,0.961829012514308,23.628351402990262,-0.11893531111215591,0.9872782580992409,0.012721741897825756,0.555269668528312,0.553289935239768,0.5605981576891108,0.011380660347640514,0.012869092635810375
622_xinjiang_IMG_0116_20260602034041857.jpg,1,0.9601901783536348,23.79418219586566,-0.11023536381322012,0.9879708667456717,0.012029133251446682,0.5974213877454623,0.604448591503867,0.6047074197026213,0.005173231475055218,0.012020772323012352
622_xinjiang_IMG_0117_20260601214320406.jpg,1,0.9519993449891698,22.674224551123473,-0.0969054405882261,0.9834986769292156,0.01650132306772997,0.7002702390374266,0.7534189390675978,0.7741603881640083,0.02880055457353592,0.014642220921814442
622_xinjiang_IMG_0118_20260519034329222.jpg,1,0.960599706431284,23.85482190431505,-0.1125759910071811,0.9882038347266437,0.011796165270490641,0.617663274161674,0.6295581152413987,0.6243230092873784,0.0063115437515079975,0.011903357692062855
622_xinjiang_IMG_0119_20260531184544062.jpg,1,0.9426944294963084,21.950639455257313,-0.06990769401923348,0.9793349448681397,0.020665055128622274,0.6247831314469268,0.6527100159249335,0.6531589313065523,0.009735079482197762,0.016977395862340927
622_xinjiang_IMG_0121_20260531185822328.jpg,1,0.9450513156004536,22.05220479502099,-0.08427428519179708,0.9800884398381731,0.019911560158633067,0.6461140939122992,0.7100862584392751,0.7351624151480468,0.025819385424256325,0.016729027032852173
622_xinjiang_IMG_0122_20260519192316413.jpg,1,0.9614245216593831,23.825085075983896,-0.10564629917429809,0.9880988878692397,0.011901112127888877,0.7665624315674165,0.7796833047507449,0.7707851723881575,0.0011460662353783846,0.011819670908153057
622_xinjiang_IMG_0125_20260519044154361.jpg,1,0.9613392498031307,24.00721552912543,-0.10560865345258132,0.9886905848455866,0.011309415151567914,0.6614314625032974,0.6773908841846568,0.6768131447465365,0.002074732445180416,0.011346453800797462
622_xinjiang_IMG_0126_20260531201239730.jpg,1,0.949547563272098,22.303771746152265,-0.06264901511144763,0.978766466963934,0.021233533032456932,0.6038139018838136,0.6267476531980853,0.6333067280497741,0.013788185082376003,0.01640176586806774
622_xinjiang_IMG_0128_20260519051550301.jpg,1,0.9613529746463806,23.72617746358902,-0.1175148524748306,0.9877097081795033,0.012290291817598218,0.5652039483040964,0.6031086266304895,0.6351276646343316,0.030791878700256348,0.012153513729572296
622_xinjiang_IMG_0131_20260602051130059.jpg,1,0.9602870818586272,23.842892569704887,-0.10383443071096081,0.9881053814836913,0.011894618513427133,0.633561130263734,0.6590875760752101,0.6583956555321717,0.002827269956469536,0.011743484996259212
622_xinjiang_IMG_0135_20260519054239175.jpg,1,0.9616462973577159,23.793502027246408,-0.11704072331089482,0.9879685879285908,0.012031412068527453,0.6631698804420292,0.682061386878318,0.6976501006902657,0.01570698618888855,0.012114063836634159
622_xinjiang_IMG_0136_20260602203346750.jpg,1,0.9432966622299664,21.85721314753831,-0.07663876251934242,0.9782280694015125,0.021771930595148543,0.6254844128314692,0.64938815193108,0.6461271622787099,0.01252093818038702,0.017859701067209244
622_xinjiang_IMG_0140_20260601032042657.jpg,1,0.9598498160074406,23.73268529714393,-0.11414833024303243,0.9877579913841721,0.01224200861293648,0.628332695637748,0.6551296624678515,0.6570069987351602,0.010356453247368336,0.012104327790439129
622_xinjiang_IMG_0143_20260601051247440.jpg,1,0.9602645979259515,23.73243960823258,-0.11970739251909612,0.9877685528436125,0.012231447153498672,0.6322841701664755,0.6506645407980864,0.6632415218760114,0.013719436712563038,0.012267336249351501
622_xinjiang_IMG_0145_20260531173841819.jpg,1,0.9499082032839358,22.348703399052987,-0.08503206111422461,0.9812507474596652,0.018749252537114847,0.6451540695040804,0.670973208515995,0.688509328357118,0.018092017620801926,0.016152508556842804
622_xinjiang_IMG_0146_20260601204542660.jpg,1,0.9464038213232154,22.28664120196853,-0.09507794607556447,0.9816002117958539,0.01839978820103102,0.5921623922082948,0.6305844234833273,0.6405740507827,0.02056526206433773,0.016109738498926163
622_xinjiang_IMG_0146_20260601222032360.jpg,1,0.9556052610109144,23.124063521725198,-0.09583201255125488,0.9856036363657131,0.014396363631331188,0.6190277929032745,0.6566095074305098,0.6692622896669173,0.019798297435045242,0.013321183621883392
622_xinjiang_IMG_0150_20260531201727002.jpg,1,0.9486184858646728,22.231829985860404,-0.08091280033497307,0.9804439258071455,0.019556074189585253,0.5853704548288104,0.6413273614252117,0.665500437272584,0.03181634843349457,0.016170665621757507
622_xinjiang_IMG_0153_20260531192740833.jpg,1,0.9491712829438809,22.40292808973568,-0.09837012362297495,0.9823443768534443,0.017655623143485462,0.6326557566857327,0.6616217813675447,0.6821564578103153,0.02173171006143093,0.015706615522503853
622_xinjiang_IMG_0153_20260601031337188.jpg,1,0.9592765376768386,23.622494958269634,-0.11519829985843268,0.987384825581051,0.012615174416044051,0.614147707575699,0.6586707447613174,0.6807010520432653,0.018630970269441605,0.012400123290717602
622_xinjiang_IMG_0154_20260519192144917.jpg,1,0.9621767361531078,23.889627889275836,-0.10818444930310404,0.9882764519237586,0.011723548073370563,0.7553413663637194,0.7782459273245571,0.7718295336367521,0.006187769118696451,0.011634698137640953
622_xinjiang_IMG_0155_20260519052609412.jpg,1,0.9620386949090646,23.74161250620938,-0.1154659604517738,0.9877566324371094,0.012243367559992824,0.55645139752512,0.5902286427273219,0.6195739666710132,0.02716912515461445,0.012035266496241093
622_xinjiang_IMG_0156_20260531192121404.jpg,1,0.9476414488774463,22.09317857050869,-0.08989354418026317,0.9801863768010202,0.019813623195771544,0.5494800556991151,0.5618071010978356,0.5727832811567507,0.011211183853447437,0.017247051000595093
622_xinjiang_IMG_0156_20260531192741131.jpg,1,0.9486693700994538,22.289629032034,-0.0985401565649909,0.9817070855741794,0.018292914422721466,0.5735569964445842,0.6027085945128551,0.6159668028823317,0.016871169209480286,0.016305280849337578
622_xinjiang_IMG_0157_20260519040143861.jpg,1,0.9609972516512835,23.939646861279794,-0.10867833235362813,0.9884826423846211,0.011517357612525802,0.6403517969035443,0.6549578541619808,0.652286754755768,0.0007687863544560969,0.011562312953174114
622_xinjiang_IMG_0158_20260519202542257.jpg,1,0.9605845095116395,23.582268271325553,-0.12251467956569613,0.9872643837880354,0.012735616209058973,0.6485721217650061,0.6945548366076956,0.7179911119799303,0.03240107744932175,0.012592805549502373
622_xinjiang_IMG_0158_20260531043257679.jpg,1,0.958214170980306,23.72099745289416,-0.11148939490918715,0.9876315919441729,0.012368408052913641,0.5705859987191985,0.5858324566023813,0.5792887466307344,0.009462063200771809,0.012233797460794449
622_xinjiang_IMG_0158_20260601031337840.jpg,1,0.960336579042141,23.56311414257771,-0.11626636450198938,0.9870331037537484,0.012966896243306238,0.5319302671351019,0.5366102803950524,0.5658532706646059,0.023856427520513535,0.012636887840926647
622_xinjiang_IMG_0158_20260602202643394.jpg,1,0.9489634259712356,22.43295622468643,-0.06713515217431172,0.9803663119169439,0.0196336880796182,0.6494779728178798,0.6706442476593174,0.661081002718212,0.008826634846627712,0.015643056482076645
622_xinjiang_IMG_0159_20260601191319286.jpg,1,0.9476260332196746,22.36155560020255,-0.08341456653711239,0.9816188065963161,0.018381193400517915,0.6477276269556224,0.6594538447337416,0.6559359093400169,0.013989221304655075,0.015736637637019157
622_xinjiang_IMG_0161_20260531191859669.jpg,1,0.9449923243957468,22.124104967676526,-0.09370139632535783,0.9807868890260967,0.019213110970770022,0.5946974447739344,0.6441398770555704,0.6782813902050651,0.0322185680270195,0.016395799815654755
622_xinjiang_IMG_0161_20260602202643711.jpg,1,0.9441217261702632,22.096068558485968,-0.06374257740619882,0.9788521009419238,0.021147899054649675,0.640057072476065,0.6610527086157424,0.6584023960035238,0.008228029124438763,0.016697373241186142
622_xinjiang_IMG_0166_20260531193004424.jpg,1,0.9496081049279732,22.488900133568638,-0.1023247730971754,0.9827862770204694,0.017213722976477386,0.6084213388364981,0.6259333498969777,0.6402868738163635,0.0215078704059124,0.015406987629830837
622_xinjiang_IMG_0168_20260602200350004.jpg,1,0.9499827498607635,22.536060558164156,-0.06016010958932437,0.9799914281241476,0.020008571872264673,0.7020984490936356,0.7661504287588733,0.8029226948065308,0.03128775209188461,0.015024520456790924
622_xinjiang_IMG_0169_20260601201854546.jpg,1,0.9450068829631852,22.091857390879596,-0.07228461986713815,0.9792492475572446,0.020750752439396357,0.6142212987087636,0.643925606747513,0.6370469147751664,0.014256182126700878,0.01680069789290428
622_xinjiang_IMG_0170_20260531201332261.jpg,1,0.9484278385233403,22.25719809750112,-0.06065784945201999,0.9790001835485532,0.02099981644791554,0.576193053067905,0.5748839563284898,0.5956146990971087,0.019022921100258827,0.016300592571496964
622_xinjiang_IMG_0170_20260602205114050.jpg,1,0.9435267398366491,22.071899436138235,-0.07578505127911483,0.979636259654962,0.02036374034175667,0.6314912362227783,0.6604665802850408,0.6755234232445957,0.021347112953662872,0.01665070652961731
622_xinjiang_IMG_0177_20260519182234271.jpg,1,0.960851439147926,23.580849669545835,-0.11253346419769235,0.9872638748672509,0.012736125129844345,0.6679815839304356,0.6977943436007132,0.7056324339348392,0.01394040696322918,0.012657305225729942
622_xinjiang_IMG_0180_20260602051842500.jpg,1,0.9595506673526546,23.763582173528526,-0.10434146758941024,0.98789642088271,0.012103579114410875,0.6240729840278063,0.6431665917055651,0.6457102801642337,0.008633664809167385,0.011736834421753883
622_xinjiang_IMG_0186_20260519023144722.jpg,1,0.9613022575785404,23.976651334077733,-0.10575864818810272,0.9886038072918537,0.01139619270529915,0.6806156554945044,0.7381042844186056,0.7503746034501941,0.014771356247365475,0.011319082230329514
622_xinjiang_IMG_0187_20260519023319264.jpg,1,0.9622604973672031,23.80319485290604,-0.11391395245526155,0.9878772943383967,0.012122705658693235,0.6047039439057859,0.633868884022376,0.6620998847092477,0.015638571232557297,0.012118607759475708
622_xinjiang_IMG_0190_20260519180559035.jpg,1,0.9613979848574176,23.749802600938175,-0.1025848837014964,0.9878236095290935,0.012176390468019188,0.7673730470668535,0.7895361937080365,0.7828348293245372,0.008760558441281319,0.011981646530330181
622_xinjiang_IMG_0191_20260519021026030.jpg,1,0.9621511934558327,24.065448613029353,-0.10762060669190655,0.9888435628203415,0.011156437176813623,0.6219708667595295,0.6233817221705498,0.6187403369985557,0.003356359899044037,0.011267301626503468
622_xinjiang_IMG_0191_20260601030809091.jpg,1,0.9598866177727732,23.820407431319317,-0.10792025214126108,0.9880690139815864,0.011930986015538174,0.6389839620447498,0.6718551361759666,0.6807333316261064,0.008286850526928902,0.011810247786343098
622_xinjiang_IMG_0194_20260519023145537.jpg,1,0.9606506225363167,23.690729659543962,-0.11986111328494034,0.9876846556423222,0.012315344354797031,0.5865796026769531,0.6180818857480288,0.6388279237989773,0.02253398671746254,0.012419085949659348
